county_name,precinct_name,yes_votes,no_votes
Adair,SOUTHWEST 1,342,159
Adair,SOUTHEAST 2,688,394
Adair,SOUTHEAST 3,374,156
Adair,SOUTHEAST 4,500,212
Adair,NORTHEAST 5,418,235
Adair,NORTHEAST 6,531,348
Adair,TSU,228,57
Adair,RURAL BENTON,774,590
Adair,BRASHEAR,321,365
Adair,NOVINGER,387,395
Adair,ABSENTEE,645,359
Adair,FEDERAL,2,0
Andrew,LINCOLN,269,184
Andrew,ROCHESTER,161,167
Andrew,HELENA,127,128
Andrew,EAST MONROE,67,112
Andrew,WEST MONROE,120,106
Andrew,CLAY/FILLMORE,151,206
Andrew,NE/SE,717,582
Andrew,NW/SW,595,486
Andrew,BEELER/JG/CC,1205,881
Andrew,BOLCKOW/RDALE/WPLT,257,234
Andrew,EPLATTE/EEMPIRE,91,112
Andrew,ABSENTEE,278,207
Atchison,TARKIO,329,289
Atchison,ROCK PORT,431,335
Atchison,FAIRFAX,203,241
Atchison,WESTBORO,69,76
Atchison,WATSON,37,30
Atchison,ABSENTEE,76,47
Audrain,MEXICO 1,410,319
Audrain,MEXICO 5,308,216
Audrain,MEXICO 6,566,359
Audrain,1 E CUIVRE,119,119
Audrain,2 FARBER,80,95
Audrain,3 LADDONIA,131,132
Audrain,4 MARTINSBURG,122,187
Audrain,6 SOUTH FORK,291,257
Audrain,10 THOMPSON,231,281
Audrain,11 FRIENDSHIP,143,166
Audrain,VANDALIA,420,370
Audrain,RUSH HILL,108,125
Audrain,COMMUNITY,472,374
Audrain,4-H,169,167
Audrain,"MEXICO 2,3,4",763,489
Audrain,ABSENTEE,266,192
Barry,EXETER,294,336
Barry,JENKINS,173,149
Barry,MONETT,892,487
Barry,ROARING RIVER,337,140
Barry,WHEATON,227,287
Barry,GOLDEN,354,152
Barry,SHELL KNOB,644,333
Barry,SELIGMAN,296,165
Barry,CASSVILLE-CITY,507,401
Barry,BUTTERFIELD/MCDONALD,229,165
Barry,CASSVILLE RURAL/MINERAL,573,609
Barry,KINGS PRAIRIE/PLEASANT RIDGE,305,289
Barry,MONETT RURAL/CAPPS CREEK,248,230
Barry,OZARK/CRANE CREEK,387,274
Barry,PURDY/MCDOWELL,382,451
Barry,WASHBURN/ASH,338,275
Barry,ABSENTEE,655,335
Barton,ABSENTEE,146,186
Barton,BARTON CITY/LEROY/OZARK,189,351
Barton,CENTRAL/NASHVILLE/NORTHFORK,162,410
Barton,CITY 1 & 2,291,500
Barton,CITY 3 & 4,254,454
Barton,DOYLESPORT/MILFORD/NEWPORT/UNION,139,355
Barton,GOLDEN CITY,164,232
Barton,LAMAR/RICHLAND,264,612
Barton,SOUTHWEST,127,99
Bates,ADRIAN NORTH (1),435,275
Bates,ADRIAN SOUTH (2),563,344
Bates,AMORET (3),132,72
Bates,AMSTERDAM (4),161,120
Bates,BALLARD (5),186,153
Bates,BUTLER 1 (6),281,225
Bates,BUTLER 2 (7),288,190
Bates,BUTLER 3 (8),370,295
Bates,BUTLER 4 (9),262,226
Bates,DREXEL (10),122,104
Bates,HUDSON (11),100,107
Bates,HUME (12),129,122
Bates,RICH HILL NORTH (13),158,141
Bates,RICH HILL SOUTH (14),210,180
Bates,ROCKVILLE (15),36,45
Bates,ABSENTEE,292,197
Benton,COLE,405,272
Benton,WILLIAMS,649,640
Benton,LINDSEY,1055,594
Benton,WHITE,420,419
Benton,UNION,313,248
Benton,TOM,614,314
Benton,FRISTOE/ALEXANDER,689,482
Benton,ABSENTEE,690,381
Bollinger,PATTON,273,384
Bollinger,SEDGEWICKVILLE,231,262
Bollinger,HURRICANE,122,160
Bollinger,SCOPUS,156,198
Bollinger,MARBLE HILL #2,670,927
Bollinger,SITZE,117,152
Bollinger,ZALMA,184,236
Bollinger,ABSENTEE,130,128
Bollinger,DRUM,111,205
Boone,1A,368,53
Boone,1B,196,40
Boone,1C & 1G,1247,167
Boone,1D,492,117
Boone,1E & 6B,607,102
Boone,1F & 1J & 1L,691,130
Boone,1I & 6F,557,135
Boone,1K & 2K,885,335
Boone,1M,520,105
Boone,2A & 2G,910,261
Boone,2B & 2J,786,230
Boone,2C & 2F,868,361
Boone,2D,840,261
Boone,2H,672,235
Boone,2I,734,276
Boone,2L & 20,525,226
Boone,3A & 3G & 3L,890,372
Boone,3B,439,120
Boone,3C,615,211
Boone,3D,896,137
Boone,3E & 3H,789,279
Boone,3F,744,273
Boone,3I &3J,571,218
Boone,3M & 6J,927,407
Boone,3N & 41,661,237
Boone,4A & 4J,992,272
Boone,4B,751,317
Boone,4C & 4D,1088,192
Boone,4E,951,188
Boone,4F & 4I & 5A,1016,143
Boone,4G,702,240
Boone,4H & 4N,853,248
Boone,4K & 4M & 37,1415,521
Boone,4L,717,236
Boone,5B,498,194
Boone,5C & 5H,1189,309
Boone,5D & 5G & 5M,928,402
Boone,5E & 5P,821,387
Boone,5F,844,300
Boone,5I & 5J,1103,328
Boone,5K,625,353
Boone,5N & 36 & 44,966,400
Boone,6A & 6L,662,114
Boone,6C & 6H,844,239
Boone,6D & 6K & 6M,1107,321
Boone,6E & 6I,653,150
Boone,6G,658,143
Boone,7,733,474
Boone,8,544,411
Boone,09 & 11,637,457
Boone,10 & 12,531,359
Boone,15 & 40,799,402
Boone,16,563,395
Boone,17,607,324
Boone,18 & 19,609,324
Boone,21,563,195
Boone,22 & 45,752,263
Boone,23,397,175
Boone,24 & 33,874,408
Boone,25 & 34,723,323
Boone,26,633,335
Boone,27,762,341
Boone,28 & 29,685,317
Boone,30 & 43,869,502
Boone,31 & 32,943,580
Boone,35 & 42,801,474
Boone,38,729,364
Boone,39,595,378
Boone,INTRASTATE,2,2
Boone,FEDERAL/STATE,2,0
Boone,CENTRAL,712,206
Buchanan,ST PETER LUTHERAN CHURCH,793,446
Buchanan,SAVANNAH AVE BAPTIST CHURCH,561,351
Buchanan,CENTRAL ASSEMBLY OF GOD,478,223
Buchanan,ST JOSEPH CITY HALL,595,238
Buchanan,WYATT PARK CHRISTIAN CHURCH,758,392
Buchanan,BROOKDALE STUDENT MINISTRY,1007,449
Buchanan,PONY EXPRESS MUSEUM,513,244
Buchanan,COPELAND BAPTIST CHURCH,580,328
Buchanan,HUFFMAN UNITED METHODIST CHURCH,739,381
Buchanan,THE EVOLUTION UNITED METHODIST CHURCH,1074,677
Buchanan,THE KEYS CHRISTIAN FELLOWSHIP,899,591
Buchanan,FAITH UNITED CHURCH,814,564
Buchanan,ASHLAND UNITED METHODIST CHURCH,1035,528
Buchanan,WESLEY UNITED METHODIST CHURCH,865,449
Buchanan,RIVERSIDE BAPTIST CHURCH,971,558
Buchanan,OUR LADY OF GUADALUPE CHURCH,2164,1421
Buchanan,AGENCY METHODIST CHURCH,312,187
Buchanan,DEKALB COMMUNITY CENTER,212,182
Buchanan,WILLOWBROOK COMMUNITY CENTER,455,362
Buchanan,FAUCETT LIONS CLUB,371,262
Buchanan,ST JOSEPH CATHOLIC CHURCH,157,63
Buchanan,FRAZIER BAPTIST CHURCH,315,204
Buchanan,RUSHVILLE MASONIC LODGE,196,151
Buchanan,FREDERICK BOULEVARD BAPTIST CHURCH,988,792
Buchanan,GRACE EVANGELICAL CHURCH,396,271
Buchanan,ABSENTEE,1288,631
Butler,BROSELEY,164,226
Butler,CANE CREEK,169,192
Butler,COON ISLAND,30,50
Butler,FAGUS,65,66
Butler,FISK,180,189
Butler,HENDRICKSON,205,235
Butler,HILLVIEW,318,372
Butler,KINYON,311,372
Butler,LAKE ROAD,354,329
Butler,MOARK,457,515
Butler,NEELYVILLE,111,112
Butler,OAK BRIER,86,128
Butler,OAK GROVE,510,482
Butler,OGLESVILLE,44,59
Butler,POPLAR BLUFF WARD 1,347,268
Butler,POPLAR BLUFF WARD 2,489,395
Butler,POPLAR BLUFF WARD 3,287,169
Butler,POPLAR BLUFF WARD 4,600,526
Butler,POPLAR BLUFF WARD 5,376,268
Butler,QULIN,145,146
Butler,ROMBAUER,52,53
Butler,SALE BARN,233,206
Butler,TWIN SPRINGS,458,597
Butler,WALTON CHAPEL,78,94
Butler,WAPPAPELLO,283,225
Butler,ABSENTEE,487,411
Caldwell,BRECKENRIDGE MASONIC LODGE,108,48
Caldwell,GOMER/HAM I,263,185
Caldwell,HAM II,309,198
Caldwell,KIDDER CITY HALL,229,179
Caldwell,KINGSTON FIRST BAPTIST CHURCH,92,86
Caldwell,NEW YORK SCHOOL,57,59
Caldwell,MARIBILE/ROCKFORD,240,197
Caldwell,FAIRVIEW/DAVIS,266,223
Caldwell,LINCOLN,103,67
Caldwell,GRANT,341,198
Caldwell,ABSENTEE,151,99
Callaway,AUXVASSE,402,372
Callaway,CALWOOD,187,210
Callaway,CEDAR CITY/HOLTS SUMMIT COUNTY,1199,1026
Callaway,DIXIE,94,96
Callaway,HAMS PRAIRIE,303,221
Callaway,HATTON,138,210
Callaway,MC CREDIE,141,160
Callaway,MILLERSBURG,495,391
Callaway,MOKANE,158,160
Callaway,NEW BLOOMFIELD,617,596
Callaway,PORTLAND,105,105
Callaway,READSVILLE,103,76
Callaway,SHAMROCK,81,110
Callaway,STEPHENS,152,116
Callaway,TEBBETTS,276,225
Callaway,WILLIAMSBURG,167,168
Callaway,CARRINGTON/GUTHRIE,363,355
Callaway,FULTON WARD 1 & 2,871,512
Callaway,FULTON EAST & WEST,941,736
Callaway,FULTON WARD 3,532,299
Callaway,FULTON WARD 4,454,185
Callaway,HOLTS SUMMIT 1 & 2,794,576
Callaway,CENTRAL POLLING LOCATION,18,20
Callaway,FEDERAL,1,0
Callaway,ABSENTEE,725,482
Callaway,PROVISIONAL,2,4
Camden,BARNUMTON,342,223
Camden,CAMDENTON #1,657,500
Camden,CAMDENTON #2,651,528
Camden,CLIMAX SPRINGS,376,220
Camden,DECATURVILLE,330,331
Camden,FREEDOM,164,150
Camden,GREENVIEW,504,308
Camden,HILLHOUSE,125,154
Camden,HORSESHOE BEND,1235,724
Camden,LINN CREEK,441,319
Camden,MACKS CREEK,486,387
Camden,MONTREAL,133,155
Camden,ROACH,374,321
Camden,STOUTLAND,174,164
Camden,SUNNYSLOPE,186,183
Camden,SUNRISE BEACH #1,560,325
Camden,CAMDENTON 3 & HA HA TONKA,776,650
Camden,"OSAGE BEACH 1,2, & 3",1445,891
Camden,SUNRISE BEACH 2 & 3 AND WILSON BEND,869,513
Camden,ABSENTEE,1799,869
Cape Girardeau,BYRD 1 PRECINCT,769,660
Cape Girardeau,BYRD 2 PRECINCT,837,650
Cape Girardeau,BYRD 3 PRECINCT,858,740
Cape Girardeau,BYRD 4 PRECINCT,654,597
Cape Girardeau,BURFORDVILLE PRECINCT,224,287
Cape Girardeau,BROWN OWL PRECINCT,158,171
Cape Girardeau,CAMPSTER PRECINCT,276,282
Cape Girardeau,DELTA PRECINCT,223,229
Cape Girardeau,FRIEDHEIM PRECINCT,157,131
Cape Girardeau,FRUITLAND PRECINCT,844,753
Cape Girardeau,GORDONVILLE PRECINCT,514,530
Cape Girardeau,HANOVER PRECINCT,495,460
Cape Girardeau,MILLERSVILLE PRECINCT,277,301
Cape Girardeau,NELL HOLCOMB PRECINCT,383,384
Cape Girardeau,NEW WELLS PRECINCT,134,204
Cape Girardeau,ORIOLE PRECINCT,175,165
Cape Girardeau,OAK RIDGE PRECINCT,264,262
Cape Girardeau,POCAHONTAS PRECINCT,169,208
Cape Girardeau,WHITEWATER PRECINCT,136,199
Cape Girardeau,CAPE PRECINCT 1,844,412
Cape Girardeau,CAPE PRECINCT 2A,644,281
Cape Girardeau,CAPE PRECINCT 2B,206,110
Cape Girardeau,CAPE PRECINCT 3B,216,99
Cape Girardeau,CAPE PRECINCT 6C,385,308
Cape Girardeau,CAPE PRECINCT 3A,890,596
Cape Girardeau,CAPE PRECINCT 4A,107,92
Cape Girardeau,CAPE PRECINCT 6A,685,607
Cape Girardeau,CAPE PRECINCT 4B,881,820
Cape Girardeau,CAPE PRECINCT 4C,750,557
Cape Girardeau,CAPE PRECINCT 5A,757,655
Cape Girardeau,CAPE PRECINCT 5B,590,423
Cape Girardeau,CAPE PRECINCT 6B,171,120
Cape Girardeau,BYRD 5 & 6,1009,1022
Cape Girardeau,CENTRAL POLL,79,55
Cape Girardeau,ABSENTEE,1347,933
Carroll,HURRICANE PRECINCT,143,98
Carroll,DEWITT PRECINCT,43,41
Carroll,CARROLLTON WARD I PRECINCT,194,196
Carroll,CARROLLTON WARD IV PRECINCT,226,272
Carroll,CARROLLTON WARD II-III,278,286
Carroll,EGYPT 1/ EGYPT2/ PRAIRIE,162,277
Carroll,COMBS / EUGENE,65,106
Carroll,HILL / STOKES MOUND,103,118
Carroll,LESLIE / VAN HORN,105,109
Carroll,MOSS CREEK / WAKENDA / SUGARTREE / TROTTER,79,161
Carroll,RIDGE / ROCKFORD,74,82
Carroll,WASHINGTON / FAIRFIELD,60,79
Carroll,FEDERAL,0,0
Carroll,ABSENTEE,148,140
Carter,FREMONT,45,47
Carter,EASTWOOD,33,35
Carter,VAN BUREN,400,424
Carter,ELLSINORE,319,434
Carter,HUNTER,21,27
Carter,GRANDIN,95,98
Carter,ABSENTEE,131,142
Carter,PROVISIONAL,1,0
Carter,FEDERAL,0,1
Cass,01 SHERMAN,192,109
Cass,07 DREXEL,292,182
Cass,10 GRAND RIVER RURAL,758,551
Cass,11 HARRISONVILLE W1,508,349
Cass,12 HARRISONVILLE W2,513,310
Cass,13 HARRISONVILLE W3,404,249
Cass,14 HARRISONVILLE W4,539,311
Cass,19 POLK,560,327
Cass,20 PLEASANT HILL,777,371
Cass,21 PLEASANT HILL EAST,718,398
Cass,22 PLEASANT HILL,536,228
Cass,23 PLEASANT HILL RURAL,268,197
Cass,24 PECULIAR RURAL,515,287
Cass,25 WEST PECULIAR RURAL,756,452
Cass,26 WEST PECULIAR CITY,1239,563
Cass,27 UNION,468,230
Cass,28 BIG CREEK RURAL,522,327
Cass,29 WINNEBAGO,1321,633
Cass,30 RAYMORE RURAL,522,263
Cass,31 RAYMORE-WARD 3,810,309
Cass,32 RAYMORE-WARD 2,720,351
Cass,33 RAYMORE-WARD 2,742,316
Cass,34 RAYMORE-WARDS 3 & 4,1216,509
Cass,35 RAYMORE-WARD 4,922,455
Cass,36 MT PLEASANT RURAL,659,283
Cass,38 BELTON-WARD 1,792,310
Cass,39 BELTON-WARD 1,801,276
Cass,40 BELTON-WARD 2,777,297
Cass,41 BELTON-WARD 2,603,198
Cass,42 BELTON-WARD 3,913,355
Cass,43 BELTON-WARD 3,407,201
Cass,44 BELTON-WARD 4,771,309
Cass,45 BELTON-WARD 4,461,190
Cass,46 EAST CREEK,554,237
Cass,47 RAYMORE-WARD 1,1534,667
Cass,2 DAYTON/3 GARDEN CITY/15 CB GROSS/ 17 INDEX,695,407
Cass,4 AUSTSIN/5 ARCHIE/6 DREXEL,628,384
Cass,8 WEST DOLAN/9 DOLAN,659,418
Cass,16 EAST LYNNE/18 GUNN CITY,411,300
Cass,ABSENTEE,1952,808
Cass,37 PLEASANT PRAIRIE,401,222
Cedar,BOX 1,414,417
Cedar,BOX 2,453,512
Cedar,CEDAR SPRINGS,85,98
Cedar,JEFFERSON,147,132
Cedar,MADISON - BEAR CREEK,182,128
Cedar,BENTON - JERICO SPRINGS,192,169
Cedar,SOUTH LINN,537,404
Cedar,NORTH LINN,278,253
Cedar,WASHINGTON,184,183
Cedar,ABSENTEE,327,226
Chariton,BEE BRANCH (0101),48,94
Chariton,BRUNSWICK (0303),245,245
Chariton,CHARITON (0404),53,69
Chariton,CLARK (0505),69,99
Chariton,CUNNINGHAM (0707),47,45
Chariton,KEYTESVILLE (0808),189,232
Chariton,MENDON (0909),111,89
Chariton,MUSSELFORK (1010),88,73
Chariton,WAYLAND (1414),43,95
Chariton,YELLOW CREEK (1515),69,70
Chariton,SALISBURY 1,259,287
Chariton,SALISBURY 2,182,255
Chariton,ABSENTEE,105,72
Christian,E BENTON/BRUNER,272,254
Christian,WEST BENTON/LINDEN,588,519
Christian,CHADWICK/S. LINN/GARRISON/SENECA,185,172
Christian,RIVERSIDE #1,839,605
Christian,CASSIDY #1,828,525
Christian,WEST FINLEY,970,697
Christian,EAST FINLEY,1399,1028
Christian,NORTH GALLOWAY,880,697
Christian,SOUTH GALLOWAY,473,422
Christian,LEAD HILL/OILFIELD,146,142
Christian,LINCOLN #1,663,606
Christian,NORTH LINN,240,228
Christian,MCCRACKEN,536,472
Christian,POLK,799,607
Christian,UNION CHAPEL #1,958,703
Christian,ROSEDALE #1A,804,507
Christian,SPARTA,524,464
Christian,UNION CHAPEL #2,1164,776
Christian,ROSEDALE #2,711,527
Christian,NORTHVIEW #2,721,472
Christian,ROSEDALE 1B,717,407
Christian,RIVERSIDE #2,959,697
Christian,CASSIDY #2,1059,648
Christian,LINCOLN #2,441,376
Christian,ABSENTEE,1807,1021
Christian,GARDEN GROVE,769,473
Christian,NORTHVIEW #1,1277,843
Clark,SEVER LIBRARY,464,373
Clark,WAYLAND FIRE STATION,263,224
Clark,WYACONDA COMMUNITY CENTER,85,63
Clark,KAHOKA FIRE STATION,338,239
Clark,LURAY BAPTIST CHURCH ANNEX,68,65
Clark,REVERE FIRE STATION,80,81
Clark,ABSENTEE1,17,3
Clark,ABSENTEE2,146,99
Clay,(01) 21GAL 01,1236,334
Clay,(02) 21GAL 02,1589,469
Clay,(03) 21GAL 03,677,223
Clay,(04) 21GAL 04,639,215
Clay,(05) 21GAL 05,1089,364
Clay,(06) 21GAL 06,580,220
Clay,(07) 21GAL 07,606,163
Clay,(08) 21GAL 08,662,153
Clay,(09) 21GAL 09,616,180
Clay,(10) 21GAL 10,1140,414
Clay,(11) 21GAL 11,486,129
Clay,(12) 21CHOU12,1306,426
Clay,(13) 21CHOU13,1130,370
Clay,(14) 21GAL 14,611,208
Clay,(15) 21GAL 15,932,258
Clay,(16) 21CHOU16,1060,334
Clay,(17) 21CHOU17,1476,552
Clay,(18) 21CHOU18,930,339
Clay,(19) 21CHOU19,583,188
Clay,(20) 21GAL 20,804,221
Clay,(21) 21CHOU21,872,324
Clay,(22) 21CHOU22,97,39
Clay,(23) 21GAL 23,478,155
Clay,(24) 21GAL 24,577,171
Clay,(25) 21GAL 25,620,179
Clay,(26) 21CHOU26,1654,601
Clay,(27) 21LIB 01,1071,400
Clay,(28) 21LIB 02,1633,516
Clay,(29) 21PL 01,1510,539
Clay,(30) 21LIB 04,822,326
Clay,(31) 21LIB 05,1646,472
Clay,(32) 21LIB 06,787,286
Clay,(33) GAL 04,1239,289
Clay,(34) GAL 05,112,33
Clay,(35) GAL 06,292,97
Clay,(36) GAL 07,613,176
Clay,(37) CHOU 08,323,134
Clay,(38) GAL 09,400,122
Clay,(39) GAL 10,655,196
Clay,(40) GAL 11,911,265
Clay,(41) GAL 12,616,206
Clay,(42) GAL 13,862,275
Clay,(43) GAL 14,606,172
Clay,(44) GAL 15,889,281
Clay,(45) GAL 16,920,302
Clay,(46) GAL 17,436,118
Clay,(47) GAL 18,490,158
Clay,(48) FR 01,371,129
Clay,(49) FR 02,932,393
Clay,(50) FR 03,503,223
Clay,(51) FR 04,438,187
Clay,(52) FR 05,306,125
Clay,(53) KRY 01,593,305
Clay,(54) KRY 02,1141,521
Clay,(55) KRY 03,926,552
Clay,(56) KRY 04,1080,532
Clay,(57) LIB 01,678,200
Clay,(58) LIB 02,740,237
Clay,(59) LIB 03,690,248
Clay,(60) LIB 04,661,203
Clay,(61) LIB 05,763,251
Clay,(62) LIB 06,1014,313
Clay,(63) LIB 07,865,295
Clay,(64) LIB 08,158,73
Clay,(65) LIB 09,966,503
Clay,(66) LIB 10,944,341
Clay,(67) LIB 11,1043,362
Clay,(68) LIB 12,191,49
Clay,(69) PL 01,1453,663
Clay,(70) PL 02,945,386
Clay,(73) WASH 02,552,230
Clay,(72) WASH 01,354,169
Clay,(71) PL 03,892,364
Clay,(74) WASH 03,483,196
Clay,(75) LIB 13,980,339
Clay,(76) LIB 14,576,179
Clay,(77) 21LIB 03,1308,431
Clay,(78) 21CHOU27,1484,525
Clay,VOTE CENTER,662,180
Clay,ABSENTEE,6571,2079
Clinton,ATCHISON-LAFAYETTE,568,419
Clinton,CONCORD-LAFAYETTE-PLATTE,744,514
Clinton,HARDIN-CLINTON,624,350
Clinton,JACKSON-CLINTON,849,476
Clinton,LATHROP-CLINTON,801,458
Clinton,SHOAL-PLATTE,1247,824
Clinton,ABSENTEE,373,223
Cole,42369,524,262
Cole,42370,601,382
Cole,42371,556,521
Cole,42401,568,280
Cole,42402,427,229
Cole,42429,713,544
Cole,42430,548,411
Cole,42431,738,612
Cole,42460,1133,810
Cole,42461,984,788
Cole,42490,985,566
Cole,42491,633,424
Cole,42492,249,145
Cole,CL/BRA,481,534
Cole,CL/EUG,305,330
Cole,JE/CCG,660,605
Cole,JE/EXR,169,183
Cole,JE/JCF,685,564
Cole,JE/SCS,858,746
Cole,LI/TAO,941,889
Cole,MA/CEN,315,266
Cole,MA/STM,616,643
Cole,MO/LOH,190,260
Cole,MO/RUS,360,411
Cole,OS/STT,172,236
Cole,OS/WAR,749,827
Cole,JE/APF,845,620
Cole,42400,400,175
Cole,ABSENTEE,1808,1279
Cooper,BLACKWATER,122,166
Cooper,CLARKS FORK,120,177
Cooper,KELLY,132,201
Cooper,OTTERVILLE,171,203
Cooper,PILOT GROVE,338,372
Cooper,PRAIRIE HOME,231,281
Cooper,FEDERAL,2,1
Cooper,ABSENTEE,240,179
Cooper,BOONVILLE W1,458,312
Cooper,BOONVILLE W2,660,419
Cooper,BOONVILLE W3,549,530
Cooper,BOONVILLE W4,467,395
Crawford,CHERRYVILLE,100,151
Crawford,CUBA,1483,1296
Crawford,DAVISVILLE,101,135
Crawford,LEASBURG,336,310
Crawford,STEELEVILLE,882,1142
Crawford,SULLIVAN,420,311
Crawford,FEDERAL,2,1
Crawford,ABSENTEE,308,233
Crawford,BOURBON,586,507
Dade,AMERICAN LEGION,190,216
Dade,ARCOLA LIONS CLUB,97,115
Dade,DADEVILLE COMM BLDG,184,194
Dade,EVERTON COMM BLDG,357,226
Dade,LOCKWOOD LIBRARY,154,150
Dade,RECORDER'S OFFICE,228,211
Dade,SMALL COURTROOM,304,255
Dade,SYLVANIA COMM BLDG,69,110
Dade,ABSENTEE,113,113
Dallas,GRANT,201,227
Dallas,JACKSON,425,419
Dallas,JASPER,209,199
Dallas,LINCOLN,146,196
Dallas,SHERIDAN,343,290
Dallas,WASHINGTON,208,200
Dallas,WILSON,230,236
Dallas,NORTH BENTON OCL,320,358
Dallas,NORTH BENTON INSIDE,264,192
Dallas,SOUTH BENTON OCL,214,260
Dallas,SOUTH BENTON INSIDE,233,169
Dallas,MILLER/SHERMAN,127,171
Dallas,ABSENTEE,267,224
Daviess,ALTAMONT,336,198
Daviess,GALLATIN,396,377
Daviess,JAMESON,116,79
Daviess,JAMESPORT,172,200
Daviess,PATTONSBURG,187,194
Daviess,WINSTON,273,190
Daviess,ABSENTEE,130,91
De Kalb,ADAMS,99,149
De Kalb,COLFAX,124,165
De Kalb,GRAND RIVER,461,297
De Kalb,POLK,137,174
De Kalb,SHERMAN,104,114
De Kalb,NORTH WASHINGTON,147,115
De Kalb,SOUTH WASHINGTON,267,251
De Kalb,JUNE CONLEY BUILDING,377,504
De Kalb,ABSENTEE,125,105
Dent,BOSS,56,88
Dent,BUNKER HIGH SCH,32,49
Dent,EAST,753,805
Dent,R-1,249,309
Dent,R-2,237,220
Dent,R-3,285,300
Dent,R-4,215,211
Dent,WEST,674,653
Dent,ABSENTEE,400,313
Douglas,AMERICAN LEGION,227,346
Douglas,AVA COMMUNITY CENTER,359,409
Douglas,STAR CHAPEL CHURCH,113,174
Douglas,BETHANY BAPTIST CHURCH,107,125
Douglas,VANZANT COMMUNITY BUILDING,133,139
Douglas,GOODHOPE NAZARENE CHURCH,226,347
Douglas,BRUSHYKNOB CHURCH,191,214
Douglas,PLEASANT HOME CHURCH,133,111
Douglas,GENTRY CHURCH,115,176
Douglas,PLEASANT RIDGE SOUTHERN BAPTIST,148,142
Douglas,EASTERN DO. CO. COMM. BUILDING,74,87
Douglas,HIGHWAY NAZARENE CHURCH,99,172
Douglas,SQUIRES COMMUNITY BUILDING,202,302
Douglas,ABSENTEE,285,282
Dunklin,SUNNYVALE UNION,99,82
Dunklin,CAMPBELL WARD 2-UNION,398,445
Dunklin,KENNETT WARD 1-INDEPENDENCE,285,216
Dunklin,KENNETT WARD 4-INDEPENDENCE,325,244
Dunklin,KENNETT WARD 2-INDEPENDENCE,199,153
Dunklin,KENNETT WARD 5-INDEPENDENCE,273,225
Dunklin,KENNETT WARD 3-INDEPENDENCE,198,155
Dunklin,CARUTH-CLAY,27,20
Dunklin,RIVES CITY-CLAY,46,42
Dunklin,GLENNONVILLE,55,65
Dunklin,MALDEN,814,659
Dunklin,CLARKTON,172,169
Dunklin,HOLCOMB,150,139
Dunklin,INDEPENDENCE,251,228
Dunklin,HORNERSVILLE,110,125
Dunklin,SENATH,204,196
Dunklin,ARBYRD,64,55
Dunklin,CARDWELL,132,77
Dunklin,ABSENTEE,271,235
Dunklin,PROVISIONAL,11,6
Franklin,BEAUFORT/LYON,371,402
Franklin,BEAUFORT/UNION-PEA RIDGE,127,173
Franklin,BERGER,236,197
Franklin,CATAWISSA,505,397
Franklin,CLOVER BOTTOM E,450,361
Franklin,CLOVER BOTTOM W,120,114
Franklin,DETMOLD/JAEGERS SHOP,222,267
Franklin,DUEMLER,281,333
Franklin,ELMONT/JAPAN,357,334
Franklin,EXCELSIOR/YEATES,223,291
Franklin,GERALD 1,109,133
Franklin,GERALD 2,73,85
Franklin,GERALD O.T.,193,232
Franklin,GILDEHAUS,324,315
Franklin,GRAY SUMMIT,575,499
Franklin,JEFFRIESBURG,338,302
Franklin,KRAKOW,581,507
Franklin,LABADIE,431,317
Franklin,LESLIE O.T. & VILLAGE,163,173
Franklin,LUEBBERING,485,401
Franklin,LYON,266,258
Franklin,NEW HAVEN 1,167,168
Franklin,NEW HAVEN 2,208,204
Franklin,PACIFIC 1,265,194
Franklin,PACIFIC 2,527,393
Franklin,PACIFIC 3,570,345
Franklin,PACIFIC O.T.,368,252
Franklin,PRAIRIE DELL,670,563
Franklin,ROBERTSVILLE,636,437
Franklin,SOUTH POINT,351,349
Franklin,SPRING BLUFF,152,158
Franklin,ST ALBANS,429,400
Franklin,ST CLAIR,370,299
Franklin,ST CLAIR 2,346,242
Franklin,ST CLAIR OT/DB/PV,1143,1006
Franklin,STANTON/CW/DB-ST,393,353
Franklin,SULLIVAN 1,311,233
Franklin,SULLIVAN 2,424,301
Franklin,SULLIVAN 3,98,110
Franklin,SULLIVAN OT/MV/OGV,346,294
Franklin,UNION 1,432,349
Franklin,UNION 2,525,366
Franklin,UNION 3,451,278
Franklin,UNION 4,652,497
Franklin,UNION O.T.,415,404
Franklin,VILLA RIDGE,973,764
Franklin,WASHINGTON 1,835,587
Franklin,WASHINGTON 2,960,759
Franklin,WASHINGTON 3,835,639
Franklin,WASHINGTON 4,738,516
Franklin,ZIEGENMEYER,429,424
Franklin,ABSENTEE,1510,916
Gasconade,DRAKE,81,168
Gasconade,HERMANN WARD 1,202,216
Gasconade,HERMANN WARD 2,226,237
Gasconade,LITTLE BERGER,230,360
Gasconade,BOULWARE,116,154
Gasconade,OWENSVILLE WARD 1,222,250
Gasconade,OWENSVILLE WARD 2,147,219
Gasconade,REDBIRD,103,118
Gasconade,ROSEBUD WARD 1 WARD 2,70,101
Gasconade,RURAL CANAAN,318,500
Gasconade,SWISS,112,152
Gasconade,TAYLOE,147,223
Gasconade,THIRD CREEK,145,182
Gasconade,BLAND 1 & 2/CANAAN,270,349
Gasconade,GASCONADE/STOLPE,97,80
Gasconade,MORRISON/RURAL MORRISON,56,77
Gasconade,FEDERAL,0,1
Gasconade,ABSENTEE,157,123
Gentry,ATHENS NORTH AND SOUTH,377,400
Gentry,BOGLE GENTRY,38,42
Gentry,COOPER EAST AND WEST,273,279
Gentry,COOPER DARLINGTON,24,39
Gentry,HOWARD LONESTAR,25,26
Gentry,HUGGINS CARMACK,28,39
Gentry,JACKSON EAST &WEST,198,248
Gentry,MILLER BERLIN,39,60
Gentry,MILLER MCFALL,29,46
Gentry,WILSON ALANTHUS,35,38
Gentry,ABSENTEE,112,89
Greene,3-A,500,142
Greene,3-B,294,46
Greene,7-C,496,233
Greene,16-C,593,243
Greene,22-C,476,127
Greene,BATTLEFIELD-A,1621,887
Greene,32-B,777,394
Greene,34-A,770,314
Greene,34-B,556,217
Greene,34-C,938,358
Greene,35-A,683,290
Greene,35-B,1417,702
Greene,37-C,467,157
Greene,39-A,1178,561
Greene,39-B,1238,652
Greene,39-C,1086,618
Greene,42-A,1106,503
Greene,44-A,571,209
Greene,45-A,502,237
Greene,45-B,471,184
Greene,BRKLN,720,470
Greene,1ST N CMP,781,457
Greene,2ND N CMP,896,553
Greene,3RD N CMP A,698,435
Greene,CASS,322,245
Greene,1ST CENTER,945,703
Greene,3RD CENTER,447,341
Greene,CHEROKEE,1488,787
Greene,E CLAY A,486,309
Greene,CLAY B,529,483
Greene,CLAY C,1255,824
Greene,1ST FKLN,407,322
Greene,2ND FKLN,952,671
Greene,1ST JACK,736,538
Greene,2ND JACK,1034,697
Greene,MURRAY,1527,1074
Greene,POND CREEK,469,342
Greene,E REPUBLIC,1250,753
Greene,N REPUBLIC,1372,854
Greene,W REPUBLIC,963,539
Greene,2ND ROBB,638,513
Greene,TAYLOR,673,553
Greene,WALNUT GRV,292,241
Greene,WASHINGTON,813,624
Greene,WILSON A,1142,484
Greene,BATTLEFIELD-B,1377,757
Greene,FEDERAL,1,1
Greene,INTRASTATE/NEW RESIDENT,6,4
Greene,ABSENTEE,5496,2390
Greene,CENTRAL POLLING LOCATION: MSU,2308,695
Greene,1-ABC,1027,294
Greene,2-AB,498,158
Greene,4-AB,659,142
Greene,5-A/6-A,885,279
Greene,5-B/6-B,690,236
Greene,7-AB,585,264
Greene,9-AB,791,218
Greene,11/1ST CAMPBELL,1656,1087
Greene,12-AB,735,206
Greene,16-AB/27-A,779,301
Greene,20-AB,514,199
Greene,22-AB,705,263
Greene,26-ABC,775,321
Greene,27-BC,850,344
Greene,29-ABC,1471,872
Greene,30-AB,730,348
Greene,31-ABC,1454,600
Greene,32-AC/38-AB,1706,783
Greene,33-AB,811,269
Greene,36A/3RD N CAMPBELL B,659,324
Greene,37-AB,934,389
Greene,40-AB,1050,474
Greene,41-AB,1073,430
Greene,42-BC,1156,551
Greene,44-BC,767,250
Greene,1ST/2ND BOONE,555,375
Greene,2ND CAMPBELL A/C,2334,1184
Greene,2ND CAMPBELL B/CN,1272,732
Greene,1ST ROBBERSON A/B,440,310
Greene,WILSON C/CW,2517,1352
Grundy,COURTHOUSE,261,286
Grundy,EDINBURG,137,143
Grundy,FIRST BAPTIST CHURCH,267,373
Grundy,FIRST CHRISTIAN CHURCH,268,230
Grundy,GALT,63,112
Grundy,LAREDO,96,155
Grundy,SPICKARD,60,67
Grundy,TINDALL,85,142
Grundy,NCMC,252,171
Grundy,ABSENTEE,188,187
Grundy,FEDERAL,0,1
Harrison,BETHANY,546,576
Harrison,CAINSVILLE,72,161
Harrison,GILMAN CITY,99,127
Harrison,EAGLEVILLE,182,196
Harrison,NEW HAMPTON,121,145
Harrison,RIDGEWAY,123,117
Harrison,ABSENTEE,169,148
Henry,CLINTON 01,597,356
Henry,FAIRVIEW,159,103
Henry,LEESVILLE,267,176
Henry,OSAGE TOWNSHIP,208,119
Henry,WINDSOR,582,393
Henry,BEAR CREEK/ DEEPWATER,159,137
Henry,BENSON CENTER,1891,1202
Henry,SPRINGFIELD/TEBO,209,158
Henry,URICH,404,277
Henry,ABSENTEE,618,413
Hickory,WHEATLAND,161,201
Hickory,HERMITAGE,194,209
Hickory,WEAUBLEAU,147,163
Hickory,CROSS TIMBERS/JORDAN,95,154
Hickory,ELKTON,252,229
Hickory,PITTSBURG,333,358
Hickory,PRESTON,128,252
Hickory,QUINCY,39,61
Hickory,PLEASANT RIDGE,119,111
Hickory,CARSON'S CORNER,206,176
Hickory,ABSENTEE,235,198
Holt,NORTHWEST,134,81
Holt,NORTHEAST,59,101
Holt,CENTRAL,250,389
Holt,SOUTHEAST-SOUTHWEST,333,429
Holt,ABSENTEE,52,52
Howard,PRAIRIE,188,212
Howard,BOONSLICK,98,83
Howard,FRANKLIN,359,335
Howard,BONNE FEMME,222,177
Howard,MONITEAU,159,133
Howard,CHARITON,289,341
Howard,RICHMOND,618,533
Howard,ABSENTEE,194,121
Howell,BENTON 1,88,103
Howell,BENTON 2,239,246
Howell,CHAPEL,94,110
Howell,DRY CREEK,279,349
Howell,GOLDSBERRY,616,519
Howell,HOWELL 1,681,612
Howell,HOWELL 2,483,438
Howell,HOWELL 3,369,264
Howell,HOWELL 4,359,263
Howell,HOWELL 5,907,929
Howell,HOWELL 6,384,404
Howell,HUTTON VALLEY,217,197
Howell,MYATT 1,86,106
Howell,SILOAM SPRINGS,106,67
Howell,SISSON,255,281
Howell,SOUTH FORK,190,179
Howell,SPRING CREEK,333,311
Howell,WILLOW SPRINGS 1,477,384
Howell,WILLOW SPRINGS 2,423,381
Howell,HOWELL 7 & MYATT 2,136,173
Howell,ABSENTEE,631,475
Iron,ARCADIA CITY,391,338
Iron,ANNAPOLIS,212,164
Iron,BELLEVIEW,166,151
Iron,DES ARC,71,81
Iron,GHERMANVILLE,132,115
Iron,IRONTON,393,289
Iron,PILOT KNOB,159,137
Iron,VIBURNUM,158,200
Iron,VULCAN,23,48
Iron,ABSENTEE,132,82
Jackson,"B1 01, 02",824,293
Jackson,"B1 03, 09",596,207
Jackson,B1 04,367,157
Jackson,B1 05,267,92
Jackson,"B1 06, 07, 08",425,139
Jackson,"B2 01, 02",694,249
Jackson,"B2 03, 04",828,344
Jackson,B2 05,329,123
Jackson,"B2 06, 07",792,279
Jackson,B3 01,88,31
Jackson,B3 02,521,207
Jackson,B3-03,483,159
Jackson,"B3-04, 05",1038,389
Jackson,"B3 06, 07",616,274
Jackson,B3 08,609,249
Jackson,B3 09,52,10
Jackson,B4 01,64,26
Jackson,B4 02,305,102
Jackson,B4 03,503,165
Jackson,B4 04,310,99
Jackson,B4 05,373,131
Jackson,"B4 06, 07",524,185
Jackson,"B4 08, 09",450,139
Jackson,B4 10,196,61
Jackson,"B5 01, 02",504,159
Jackson,"B5 03, 04",787,286
Jackson,B5 05,687,232
Jackson,B5 06,597,188
Jackson,B5 07,278,107
Jackson,B5 08,556,175
Jackson,B5 09,374,132
Jackson,B6 01,443,160
Jackson,B6 02,340,129
Jackson,B6 03,820,277
Jackson,B6 04,767,252
Jackson,B6 05,610,236
Jackson,B6 06,742,301
Jackson,B6 07,133,43
Jackson,"B7 01, 02",590,214
Jackson,"B7 03, 04",1109,397
Jackson,"B7 05, 09",1009,341
Jackson,B7 06,249,71
Jackson,"B7 07, 08",929,346
Jackson,B8 01,296,118
Jackson,B8 02,856,336
Jackson,B8 03,239,83
Jackson,B8 05,637,213
Jackson,B8 06,497,176
Jackson,B8 07,943,315
Jackson,B8 08,126,41
Jackson,BR 01,331,115
Jackson,BR 02,579,204
Jackson,"BR 03, 04",483,169
Jackson,"BR 05, 06, 20",586,223
Jackson,BR 07,485,161
Jackson,"BR 08, 13",1050,510
Jackson,BR 09,419,152
Jackson,BR 10,774,272
Jackson,"BR 11, 15",500,170
Jackson,BR 12,686,241
Jackson,BR 14,319,135
Jackson,BR 16,530,250
Jackson,BR 17,11,8
Jackson,BR 18,564,224
Jackson,BR 19,9,4
Jackson,FO 01,2,0
Jackson,FO 02,202,94
Jackson,"FO 03, 04, 05, 09",650,324
Jackson,"FO 06, 10",156,100
Jackson,FO 07,87,53
Jackson,FO 08,480,352
Jackson,PR 01,10,10
Jackson,PR 02,525,185
Jackson,"PR 03, 04",920,306
Jackson,PR 05,256,75
Jackson,PR 06,533,213
Jackson,PR 07,762,289
Jackson,"PR 08, 10",732,258
Jackson,PR 09,882,320
Jackson,PR 11,560,199
Jackson,PR 12,739,246
Jackson,"PR 13, 14",1036,402
Jackson,PR 15,405,107
Jackson,PR 16,453,168
Jackson,PR 17,596,201
Jackson,PR 18,642,204
Jackson,PR 19,1064,403
Jackson,PR 20,614,265
Jackson,"PR 21, 22",1070,438
Jackson,PR 23,1028,378
Jackson,PR 24,346,101
Jackson,PR 25,896,329
Jackson,PR 26,662,230
Jackson,PR 27,1144,351
Jackson,PR 28,1079,390
Jackson,PR 29,403,125
Jackson,"PR 30, 31",1040,389
Jackson,PR 32,868,345
Jackson,PR 33,448,170
Jackson,PR 34,630,216
Jackson,"PR 35, 36",993,333
Jackson,PR 37,689,208
Jackson,PR 38,482,155
Jackson,PR 39,876,319
Jackson,PR 40,511,175
Jackson,"PR 41, 42",1170,407
Jackson,"PR 43, 45",1189,434
Jackson,PR 44,835,281
Jackson,"PR 46, 59",751,311
Jackson,PR 47,567,200
Jackson,PR 48,271,83
Jackson,PR 49,668,289
Jackson,PR 50,813,279
Jackson,PR 51,377,164
Jackson,PR 52,344,176
Jackson,"PR 53, 54",533,293
Jackson,PR 55,2,3
Jackson,"PR 56,57",7,4
Jackson,"PR 60, 61",399,210
Jackson,PR 62,44,6
Jackson,SN 01,148,59
Jackson,SN 02,124,45
Jackson,"SN 03, 19",557,209
Jackson,SN 04,513,199
Jackson,"SN 05, 06",534,217
Jackson,"SN 07, 09",1053,408
Jackson,SN 08,780,312
Jackson,"SN 10, 12",1293,529
Jackson,SN 11,568,179
Jackson,"SN 13, 14",1003,403
Jackson,"SN 15, 23",1058,415
Jackson,SN 16,97,38
Jackson,SN 17,449,162
Jackson,SN 18,652,274
Jackson,SN 20,558,193
Jackson,SN 21,723,307
Jackson,"SN 22, 24",953,353
Jackson,SN 25,210,101
Jackson,SN 26,412,226
Jackson,SN 27,674,309
Jackson,SN 28,491,244
Jackson,SN 29,549,198
Jackson,SN 30,586,293
Jackson,SN 31,742,315
Jackson,SN 32,505,159
Jackson,SN 33,196,88
Jackson,"SN 34, 35, 36",323,115
Jackson,SN 37,527,215
Jackson,SN 38,961,345
Jackson,SN 39,787,269
Jackson,SN 40,474,242
Jackson,SN 41,422,151
Jackson,SN 42,909,335
Jackson,"SN 43, 46",262,112
Jackson,SN 44,400,165
Jackson,SN 45,462,200
Jackson,SN 47,266,110
Jackson,SN 48,328,122
Jackson,SN 49,218,92
Jackson,SN 50,104,54
Jackson,"SN 51, 52",214,110
Jackson,"VB 01, 12",188,98
Jackson,"VB 02, 03, 13",698,291
Jackson,VB 04,1,1
Jackson,"VB 07, 08, 14",213,97
Jackson,VB 09,234,65
Jackson,"VB 10, 11, 19",884,432
Jackson,"VB 15, 16, 17, 18",396,211
Jackson,WA 01,565,301
Jackson,WA 02,518,284
Jackson,"WA 03, 04",622,338
Jackson,"WA 05, 06",371,203
Jackson,WA 07,473,226
Jackson,WA 08,298,129
Jackson,WA 09,341,148
Jackson,WA 10,724,328
Jackson,WA 11,504,232
Jackson,WA 12,566,242
Jackson,ABSENTEE,7863,2581
Jackson,B8 04,544,206
Jasper,MCDONALD,85,157
Jasper,NORTH MADISON,217,372
Jasper,SOUTH MADISON,197,210
Jasper,EAST JACKSON,254,287
Jasper,WEST JACKSON,195,246
Jasper,CARTHAGE 1,243,206
Jasper,CARTHAGE 2,244,223
Jasper,CARTHAGE 3,331,349
Jasper,CARTHAGE 4,559,599
Jasper,CARTHAGE 5,437,422
Jasper,MARION,154,262
Jasper,MONITOR,370,431
Jasper,JASPER,180,222
Jasper,ORONOGO 1,356,343
Jasper,ORONOGO 2,483,616
Jasper,LAKESIDE,111,138
Jasper,DUENWEG,254,257
Jasper,REX,584,533
Jasper,TUCKAHOE,589,509
Jasper,WEBB CITY 1,475,340
Jasper,WEBB CITY 2,429,352
Jasper,WEBB CITY 3,674,575
Jasper,WEBB CITY 4,478,493
Jasper,JOPLIN 13,413,270
Jasper,JOPLIN 4,577,589
Jasper,JOPLIN 23,609,400
Jasper,JOPLIN 25,339,238
Jasper,ZINCITE,358,352
Jasper,JOPLIN 26,477,377
Jasper,ALBA/NECK CITY/PURCELL,225,234
Jasper,ASBURY/MEDOC/WACO,145,172
Jasper,CARL JUNCTION1/CARL JUNCTION 2,756,787
Jasper,CARL JUNCTION 3/CARL JUNCTION,851,850
Jasper,"CARTERVILLE 1,2,3,4",402,450
Jasper,CENTENNIAL/GEM/REEDS,451,614
Jasper,JOPLIN 1/JOPLIN 8,431,360
Jasper,JOPLIN 2/JOPLIN 3,903,757
Jasper,JOPLIN 5/JOPLIN 7,497,281
Jasper,JOPLIN 10/JOPLIN 11,561,338
Jasper,JOPLIN 12/JOPLIN 14,412,210
Jasper,JOPLIN 15/CENTRAL CITY,840,694
Jasper,JOPLIN 16/JOPLIN 18,489,339
Jasper,JOPLIN 22/JOPLIN 24,705,492
Jasper,LINCOLN/SHERIDAN,87,235
Jasper,PINE/PRAIRIE STAR,134,219
Jasper,SARCOXIE 1/SARCOXIE 2/LARUSSELL,337,388
Jasper,FEDERAL,4,0
Jasper,ABSENTEE,1554,1191
Jasper,MULTI-PRECINCT COLLECTION,18,5
Jefferson,GRANDVIEW MIDDLE SCH,574,463
Jefferson,MAPLE GROVE SCH,706,572
Jefferson,BIG RIVER VFW POST 5331,1189,958
Jefferson,NORTHWEST HIGH SCHOOL,726,527
Jefferson,TRANSFORMATION METHODIST CH,820,597
Jefferson,NEW EARLY CHILDHOOD CTR,929,644
Jefferson,CLYDE HAMRICK SCH,658,512
Jefferson,ANTONIA MIDDLE SCH,1054,671
Jefferson,ST PAUL'S LUTHERAN CH,1297,831
Jefferson,HILLSBORO CIVIC CTR,1048,816
Jefferson,HILLSBORO CITY HALL,523,360
Jefferson,HILLSBORO CHRISTIAN CH,954,703
Jefferson,AMERICAN LEGION POST 283,1122,744
Jefferson,SALVATION ARMY,692,407
Jefferson,FOX C6 ROY WILDE SERVICE CTR,1144,714
Jefferson,NEW HOPE UNITED METHODIST CH,1222,812
Jefferson,ARNOLD VFW 2593,1400,790
Jefferson,ARNOLD RECREATION CTR,1217,704
Jefferson,RIDGEWOOD MIDDLE SCH,1358,880
Jefferson,LONEDELL SCH,665,403
Jefferson,SIMPSON ELEMENTARY SCH,1243,766
Jefferson,SECKMAN MIDDLE SCH,1614,1087
Jefferson,WINDSOR INTERMEDIATE SCH,1904,1138
Jefferson,WINDSOR LIBRARY JC,1206,781
Jefferson,VICTORY CHURCH YOUTH CTR,1517,1164
Jefferson,PEVELY CITY HALL,1029,728
Jefferson,HERCULANEUM AMVETS POST 42,890,547
Jefferson,MISSISSIPPI RIVER EAGLES,1004,621
Jefferson,FESTUS K.C. HALL,302,179
Jefferson,FIRST UNITED METHODIST CH,1141,770
Jefferson,FESTUS MIDDLE SCHOOL,701,481
Jefferson,FAITH BAPTIST CH,641,446
Jefferson,DANBY RUSH TOWER SCH,1107,912
Jefferson,PACIFIC FIREHOUSE 3,445,261
Jefferson,ST. JOSEPH HILL INFIRMARY,811,539
Jefferson,EUREKA FIREHOUSE 3,351,200
Jefferson,JEFFERSON CO HEALTH DEPT - HIGH RIDGE,949,647
Jefferson,ALL GODS CHILDREN CAMP,1391,872
Jefferson,WOODRIDGE MIDDLE SCH,725,539
Jefferson,BRENNAN WOODS ELEM SCH,1289,768
Jefferson,MURPHY ELEMENTARY SCH,1284,1034
Jefferson,GEORGE GUFFEY ELEM SCH,1502,810
Jefferson,SALINE VALLEY FIREHOUSE #1,540,275
Jefferson,MERAMEC HEIGHTS ELEM SCH,564,337
Jefferson,HEMATITE CHRISTIAN CH,394,342
Jefferson,VICTORIA BAPTIST CH,561,414
Jefferson,PLATTIN METHODIST CH,204,198
Jefferson,ATHENA ELEMENTARY SCH,953,662
Jefferson,CIA HALL,340,255
Jefferson,SUNRISE SCH,826,489
Jefferson,DE SOTO K.C. HALL,358,232
Jefferson,1ST BAPTIST CH DESOTO,1084,732
Jefferson,REDEEMER LUTHERAN CH,585,454
Jefferson,ABSENTEE,4105,2369
Johnson,CENTERVIEW/COLUMBUS,560,537
Johnson,CHILHOWEE,230,217
Johnson,HAZEL HILL/SIMPSON,526,449
Johnson,N S HLDN/KNG/RH,1117,1008
Johnson,KNOB NOSTER/LOWLAND,931,645
Johnson,PITTSVILLE,1296,817
Johnson,POST OAK/JEFFERSON,451,430
Johnson,SE1/MONTSERRAT,1232,968
Johnson,SE2/NE,1602,916
Johnson,SW/NW,1176,764
Johnson,ABSENTEE,982,536
Kansas City,"W1-P1, 4",1702,296
Kansas City,"W1-P2, 7",1028,243
Kansas City,W1-P3,678,108
Kansas City,W1-P5,607,286
Kansas City,W1-P6,991,151
Kansas City,"W2-P2, 1, 3, 18",333,337
Kansas City,"W2-P5, 13, 17",254,212
Kansas City,"W2-P8, 12, 19",228,71
Kansas City,"W2-P10, 11",232,234
Kansas City,"W2-P14, 4, 6, 7, 9, 15",394,542
Kansas City,W2-P16,1,0
Kansas City,"W3-P1, 15",318,197
Kansas City,W3-P2,76,35
Kansas City,"W3-P3, 4, 5, 12, 16",395,495
Kansas City,W3-P8,116,132
Kansas City,"W3-P9, 10, 13",245,439
Kansas City,W3-P11,103,193
Kansas City,"W3-P14, 6, 7",260,440
Kansas City,"W3-P17, 18",138,224
Kansas City,"W4-P1, 2, 12",779,116
Kansas City,"W4-P5, 3, 4, 11",1628,270
Kansas City,"W4-P7, 6, 13",1045,126
Kansas City,"W4-P9, 8, 10, 14, 15",1501,192
Kansas City,"W5-P2, 9, 10",1164,239
Kansas City,"W5-P4, 11",1191,157
Kansas City,"W5-P5, 6",969,177
Kansas City,"W5-P8, 3, 7",1173,215
Kansas City,"W5-P12, 1, 13",230,41
Kansas City,"W6-P1, 2, 16, 18, 19",580,95
Kansas City,"W6-P3, 4, 5,6, 17, 20",1848,344
Kansas City,"W6-P9, 7, 8, 21",1203,264
Kansas City,"W6-P10, 11, 15",858,150
Kansas City,"W6-P13, 12, 14",1181,186
Kansas City,W7-P1,204,194
Kansas City,"W7-P2, 3, 7",174,153
Kansas City,W7-P5,92,126
Kansas City,"W7-P6, 4, 18",269,453
Kansas City,"W7-P9, 8, 10, 11, 12, 17",537,430
Kansas City,"W7-P13, 14",217,233
Kansas City,"W7-P15, 16",321,394
Kansas City,"W8-P1, 4, 14",1086,281
Kansas City,"W8-P3, 15",558,89
Kansas City,W8-P5,816,201
Kansas City,"W8-P6, 12",838,139
Kansas City,"W8-P7, 8, 10, 11",2020,282
Kansas City,W8-P9,878,134
Kansas City,"W8-P13, 2",234,44
Kansas City,"W9-P2, 1",1393,248
Kansas City,"W9-P4, 3, 6",1227,223
Kansas City,"W9-P5, 12, 13",617,149
Kansas City,"W9-P8, 7, 9",1230,239
Kansas City,"W9-P10, 11",1193,213
Kansas City,"W10-P1, 2",902,212
Kansas City,W10-P4,213,93
Kansas City,"W10-P5, 6, 7, 10",1155,314
Kansas City,"W10-P9, 8",414,329
Kansas City,W10-P11,342,98
Kansas City,"W10-P12,3",1267,277
Kansas City,W11-P1,447,98
Kansas City,"W11-P4, 3",470,136
Kansas City,"W11-P6, 2, 5, 7, 9, 10, 11, 13, 14",786,238
Kansas City,W11-P8,98,41
Kansas City,W11-P12,908,120
Kansas City,"W12-P2, 1, 3, 4",643,275
Kansas City,"W12-P5, 6, 7",373,135
Kansas City,"W12-P8, 10, 11, 12",148,74
Kansas City,W12-P9,33,26
Kansas City,"W13-P1, 2, 5, 10, 11, 13",432,218
Kansas City,"W13-P3, 14",159,73
Kansas City,W13-P4,170,102
Kansas City,"W13-P6, 8, 12",172,74
Kansas City,"W13-P7, 9",78,28
Kansas City,"W14-P3, 4",141,177
Kansas City,"W14-P7, 1, 2, 6",350,486
Kansas City,"W14-P9, 8, 10",354,450
Kansas City,"W14-P11, 5, 12, 13",164,244
Kansas City,"W14-P14, 15",200,317
Kansas City,W15-P1,77,104
Kansas City,"W15-P2, 7, 23, 24",80,103
Kansas City,"W15-P3, 5",101,167
Kansas City,W15-P4,7,9
Kansas City,"W15-P6, 10",301,446
Kansas City,"W15-P8, 9, 14, 16, 17",139,246
Kansas City,W15-P11,238,207
Kansas City,"W15-P12, 13",132,204
Kansas City,W15-P15,4,3
Kansas City,"W15-P18, 19",289,151
Kansas City,W15-P20,51,72
Kansas City,W15-P21,19,16
Kansas City,W15-P22,71,37
Kansas City,"W16-P3, 1, 6",620,844
Kansas City,"W16-P9, 2",287,285
Kansas City,"W16-P11, 4, 5, 12",468,561
Kansas City,"W16-P13, 7, 8, 10",369,531
Kansas City,"W16-P14, 15",91,69
Kansas City,"W17-P1, 2, 3, 4, 10, 12, 15, 16",674,913
Kansas City,"W17-P6, 5, 11",410,678
Kansas City,"W17-P8, 7, 9",407,443
Kansas City,"W17-P14, 13",240,451
Kansas City,W18-P1,238,149
Kansas City,"W18-P5, 7",235,160
Kansas City,W18-P6,57,62
Kansas City,"W18-P10, 9",501,561
Kansas City,"W18-P11, 8, 14",369,472
Kansas City,"W18-P12, 15, 16",29,52
Kansas City,"W18-P13, 2, 3, 4",376,413
Kansas City,W19-P1,220,232
Kansas City,"W19-P2, 3, 6, 13",166,117
Kansas City,"W19-P4, 8, 21, 23",470,252
Kansas City,"W-19-P11, 10",239,196
Kansas City,"W19-P14, 9, 15",302,242
Kansas City,"W19-P18, 5, 7, 12, 17, 20",182,150
Kansas City,"W19-P19, 16",533,400
Kansas City,W19-P22,152,74
Kansas City,W20-P1,203,118
Kansas City,W20-P2,846,260
Kansas City,"W20-P5, 3, 4, 8, 10",1020,600
Kansas City,W20-P6,285,113
Kansas City,W20-P7,148,51
Kansas City,W20-P9,478,311
Kansas City,"W22-P2, 1, 10, 11, 12",1543,530
Kansas City,"W22-P3, 4",816,278
Kansas City,"W22-P6, 5",797,283
Kansas City,W22-P7,253,89
Kansas City,"W22-P8, 13",599,190
Kansas City,W22-P9,307,131
Kansas City,W23-P1,31,9
Kansas City,"W23-P2, 3",88,87
Kansas City,"W23-P5, 6",487,235
Kansas City,"W23-P7, 9",716,372
Kansas City,"W23-P8, 16",26,8
Kansas City,"W23-P11, 10, 12",252,208
Kansas City,W23-P13,230,227
Kansas City,W23-P14,592,355
Kansas City,"W23-P15, 4",114,66
Kansas City,"W24-P1, 2, 3",736,330
Kansas City,"W24-P4, 5, 6, 29",1082,463
Kansas City,"W24-P7, 8, 14, 23, 24, 25, 26, 28, 30",702,296
Kansas City,"W24-P9, 10, 11",344,152
Kansas City,"W24-P13, 12, 15, 16, 17, 19, 20, 27, 3",305,148
Kansas City,"W24-P21, 18",714,377
Kansas City,W24-P22,187,89
Kansas City,"W25-P1, 5, 6",615,530
Kansas City,"W25-P3, 12, 13, 14",131,57
Kansas City,"W25-P7, 4, 9",470,583
Kansas City,"W25-P8, 2",332,234
Kansas City,"W25-P10, 11",148,96
Kansas City,"W26-P1, 7, 11, 13",407,451
Kansas City,W26-P2,58,64
Kansas City,W26-P3,159,115
Kansas City,"W26-P6, 4, 5, 8",836,811
Kansas City,"W26-P9, 12",295,263
Kansas City,W26-P10,342,320
Knox,BARING,75,84
Knox,EDINA,254,262
Knox,HURDLAND,100,77
Knox,KNOX CITY,105,122
Knox,NEWARK,48,56
Knox,NOVELTY,68,93
Knox,ABSENTEE,80,85
Laclede,COMMUNITY BAPTIST CHURCH,798,809
Laclede,CONWAY COMMUNITY CENTER,338,341
Laclede,DRYNOB MAINTENANCE,227,217
Laclede,FREEDOM CHURCH OF THE NAZARENE,894,969
Laclede,LACLEDE COUNTY SHRINE BUILDING,566,368
Laclede,LEBANON CITY HALL,646,533
Laclede,LEBANON LACLEDE CO. LIBRARY,249,270
Laclede,MILLS BUILDING,458,466
Laclede,NATIONAL GUARD ARMORY,398,478
Laclede,PHILLIPSBURG CHRISTIAN CHURCH,240,289
Laclede,PINE CREEK BAPTIST CHURCH,121,120
Laclede,SLEEPER METHODIST CHURCH,345,364
Laclede,SOUTHERN HEIGHTS CHURCH,808,882
Laclede,WALLACE BUILDING,590,494
Laclede,INTRASTATE,1,1
Lafayette,WELLINGTON,239,191
Lafayette,WAVERLY,149,231
Lafayette,SOUTH ODESSA/LAKE LAFAYETTE,1214,655
Lafayette,NORTH ODESSA/EAST ODESSA,1009,567
Lafayette,NAPOLEON,133,101
Lafayette,MAYVIEW,146,88
Lafayette,"LEXINGTON 1ST,2ND,3RD,4TH/RURAL LEXINGTON",1196,664
Lafayette,JKV,59,19
Lafayette,HIGGINSVILLE,1306,758
Lafayette,DOVER,84,87
Lafayette,CORDER,157,99
Lafayette,CONCORDIA/AULLVILLE,745,535
Lafayette,BATES CITY/ FERG SCHOOL,951,534
Lafayette,ALMA/EAST DAVIS,175,234
Lafayette,FEDERAL,1,0
Lafayette,ABSENTEE,534,296
Lawrence,SW AURORA,680,469
Lawrence,SE AURORA,550,347
Lawrence,N AURORA,365,315
Lawrence,BUCK PRAIRIE,832,642
Lawrence,FOREST PARK,738,580
Lawrence,FREISTATT,126,98
Lawrence,GREEN,75,98
Lawrence,HOBERG,134,113
Lawrence,LINCOLN,319,293
Lawrence,MT PLEASANT,176,198
Lawrence,N MT VERNON,542,492
Lawrence,SE MT VERNON,419,354
Lawrence,SW MT VERNON,422,383
Lawrence,OZARK,346,266
Lawrence,PIERCE CITY,431,393
Lawrence,RED OAK,44,105
Lawrence,SPRING RIVER,313,247
Lawrence,TURNBACK,311,284
Lawrence,VINEYARD,130,163
Lawrence,ABSENTEE,572,387
Lewis,EWING,355,292
Lewis,LABELLE,143,86
Lewis,LAGRANGE,357,297
Lewis,LEWISTOWN,190,185
Lewis,MONTICELLO,176,190
Lewis,CANTON,564,364
Lewis,ABSENTEE,130,74
Lincoln,TROY CITY-1,711,490
Lincoln,TROY CITY-2,720,458
Lincoln,TROY RURAL,723,540
Lincoln,FOLEY,675,500
Lincoln,MOSCOW MILLS,1453,1181
Lincoln,ZOAR,421,370
Lincoln,HAWK POINT,614,505
Lincoln,NEW HOPE,329,282
Lincoln,MILLWOOD,287,339
Lincoln,WINFIELD,848,595
Lincoln,BIRKHEAD,1120,771
Lincoln,OLD MONROE,667,455
Lincoln,BRUSSELS,662,490
Lincoln,WHITESIDE,163,208
Lincoln,BRISCOE,388,332
Lincoln,SILEX,145,147
Lincoln,TROY CITY-3,973,632
Lincoln,MOSCOW MILLS CITY,475,296
Lincoln,ELSBERRY,569,398
Lincoln,INTRASTATE NEW RESIDENT,0,2
Lincoln,FEDERAL,1,0
Linn,BAKER/N SALEM,59,80
Linn,BENTON NORTH DIST (7),16,40
Linn,BENTON SOUTH DIST (7),32,39
Linn,BROOKFIELD 1.2 DIST (7),505,297
Linn,BROOKFIELD 3.4 DIST (7),400,293
Linn,BUCKLIN DIST (6),159,125
Linn,CLAY/PARSON CREEK,201,222
Linn,ENTERPRISE/GRANTSVILLE DIST (7),59,90
Linn,JACKSON,17,41
Linn,JEFFERSON DIST (7),121,160
Linn,"MARCELINE 1,2,3,4",529,355
Linn,YELLOW CREEK DIST (7),80,73
Linn,ABSENTEE,190,151
Linn,LOCUST CREEK DIST (7),97,108
Linn,PROVISIONAL,7,2
Livingston,1ST WARD CHILLICOTHE-CITY,429,428
Livingston,2ND WARD CHILLICOTHE-CITY,262,218
Livingston,3RD WARD CHILLICOTHE-CITY,239,194
Livingston,4TH WARD CHILLICOTHE-CITY,385,269
Livingston,BLUE MOUND TOWNSHIP/MONROE TOWNSHIP,129,147
Livingston,CHILLICOTHE TOWNSHIP/RICH HILL TOWNSHIP,320,364
Livingston,CREAM RIDGE TOWNSHIP/MEDICINE TOWNSHIP,124,118
Livingston,FAIRVIEW TOWNSHIP/GRAND RIVER TOWNSHIP,125,155
Livingston,GREEN TOWNSHIP/MOORESVILLE TOWNSHIP,111,119
Livingston,JACKSON TOWNSHIP/SAMPSEL TOWNSHIP,150,172
Livingston,WHEELING TOWNSHIP,55,67
Livingston,ABSENTEE,273,184
Livingston,FEDERAL,1,0
Macon,MACON WARD 1,332,400
Macon,MACON WARD 2,278,296
Macon,MACON WARD 3,149,152
Macon,MACON WARD 4,180,198
Macon,MACON EXPO CENTER,578,797
Macon,ATLANTA,187,253
Macon,LAPLATA,363,389
Macon,BEVIER,286,410
Macon,CALLAO,124,174
Macon,NEW CAMBRIA,122,143
Macon,ETHEL,45,56
Macon,ABSENTEE,238,216
Madison,WARD I (FREDERICKTOWN),273,259
Madison,WARD II (FREDERICKTOWN),161,132
Madison,WARD III (FREDERICKTOWN),198,174
Madison,ST. FRANCOIS,307,277
Madison,CASTOR,635,657
Madison,CENTRAL,219,208
Madison,MARQUAND,141,141
Madison,ABSENTEE,286,217
Madison,PROVISIONAL,0,3
Maries,BRINKTOWN,105,94
Maries,HAYDEN HEIGHTS,109,166
Maries,HODGEVILLE,76,76
Maries,MASON RIDGE,132,141
Maries,SAFE,100,130
Maries,SANTEE,101,122
Maries,VICHY,134,197
Maries,BELLE,484,545
Maries,FEDERAL,0,1
Maries,VIENNA,413,447
Maries,ABSENTEE,146,120
Marion,1W-1P HANN. EMERG. SERV.,274,230
Marion,1W-2P FIRE STATION #3,328,264
Marion,2W-1P FIRST ASSEMBLY OF GOD,381,203
Marion,2W-2P DOUGLASS COMM. SERV.,261,191
Marion,3W-1P TRUE CHURCH,387,214
Marion,4W-2P AD. COONTZ ARMORY,322,262
Marion,5W-1P PRINCE AVE BCFH,489,335
Marion,6W AMERICAN LEGION POST HOME,807,580
Marion,MILLER/CLOVER ROAD CHRISTIAN CHURCH,309,229
Marion,LIBERTY/MONSIGNOR FARISCHON HALL,869,702
Marion,SOUTH RIVER/IMMANUEL LUTHERN CHURCH,84,89
Marion,WARREN/MONROE CITY/TRI COUNTY TIRE REPAIR,213,226
Marion,WARREN/WARREN BAPTIST CHURCH,78,77
Marion,UNION/PHILADELPHIA COMMUNITY CENTER,167,210
Marion,ROUND GROVE/EMERSON COMMUNITY CENTER,145,159
Marion,FABIUS/SMILEYVILLE COMMUNITY CENTER,133,127
Marion,FABIUS/TAYLOR MT. OLIVE CHURCH,134,137
Marion,ABSENTEE,543,310
McDonald,ANDERSON EAST/WEST,462,507
McDonald,BUFFALO HART,80,100
McDonald,CENTER/ELKHORN/RICHWOOD,320,411
McDonald,ELKRIVER EAST & WEST,322,297
McDonald,ERIE GOODMAN/ERIE MCNATT,333,442
McDonald,MCMILLEN COY,156,219
McDonald,MCMILLEN TIFF,43,96
McDonald,MOUNTAIN,215,117
McDonald,PNVL-LANAGAN,91,68
McDonald,PINEVILLE NORTH/SOUTH,395,432
McDonald,PRAIRIE,167,150
McDonald,WHITE ROCK,254,204
McDonald,ABSENTEE,302,231
Mercer,MORGAN,185,232
Mercer,MERCER,150,195
Mercer,RAVANNA,30,50
Mercer,HAL ENGLAND CENTER,148,220
Mercer,FEDERAL,0,1
Mercer,ABSENTEE,73,54
Miller,TUSCUMBIA,268,343
Miller,BRUMLEY,347,401
Miller,LAKE OZARK,708,461
Miller,MARY'S HOME,188,250
Miller,ST. ELIZABETH,171,271
Miller,ST. ANTHONY,59,96
Miller,KAISER,364,254
Miller,OLEAN,174,160
Miller,ELDON SOUTH,322,301
Miller,ELDON NORTH,601,585
Miller,IBERIA,439,665
Miller,ELDON CITY,765,656
Miller,ABSENTEE,399,301
Mississippi,CHARLESTON RURAL,95,107
Mississippi,EAST PRAIRIE RURAL,409,332
Mississippi,ANNISTON,43,40
Mississippi,BERTRAND,242,211
Mississippi,WYATT,73,65
Mississippi,CHARLESTON NORTH,335,366
Mississippi,CHARLESTON SOUTH,321,164
Mississippi,EAST PRAIRIE CITY,401,298
Mississippi,ABSENTEE,89,90
Moniteau,CALIFORNIA 3,286,362
Moniteau,CLARKSBURG,77,102
Moniteau,HARMONY,163,201
Moniteau,HIGH POINT,121,204
Moniteau,JAMESTOWN,273,370
Moniteau,LATHAM,70,107
Moniteau,MCGIRK,292,302
Moniteau,WALKER WEST,252,380
Moniteau,CALIFORNIA 1 & 2,380,422
Moniteau,TIPTON/FORTUNA,486,483
Moniteau,ABSENTEE,144,147
Monroe,HOLLIDAY SCHOOL,49,67
Monroe,MADISON COMMUNITY CENTER,230,253
Monroe,MIDDLE GROVE SCHOOL,116,127
Monroe,MONROE CITY VFW HALL,476,430
Monroe,MONROE COUNTY COURTHOUSE,249,252
Monroe,PARIS LIBRARY,231,269
Monroe,SANTE FE CHRISTIAN CHURCH,102,96
Monroe,STOUTSVILLE COMMUNITY CENTER,164,165
Monroe,ABSENTEE,137,129
Montgomery,MIDDLETOWN 1-2-RURAL,111,150
Montgomery,BELLFLOWER 1-2-3-RURAL,170,200
Montgomery,HIGH HILL 1-2-RURAL,123,120
Montgomery,JONESBURG 1-2-RURAL,217,194
Montgomery,NEW FLORENCE 1-2-RURAL,368,282
Montgomery,BIG SPRING/AMERICUS,100,134
Montgomery,ABSENTEE,156,115
Montgomery,MONTGOMERY,667,655
Montgomery,RHINELAND/MCKITTRICK,162,159
Montgomery,WELLSVILLE,231,292
Morgan,FLORENCE,175,233
Morgan,GRAVOIS MILLS,292,194
Morgan,INDIAN CREEK,456,276
Morgan,LAURIE,716,478
Morgan,VERSAILLES NORTH,372,429
Morgan,VERSAILLES SOUTH,489,472
Morgan,WEBB,407,267
Morgan,ABSENTEE,437,292
Morgan,BARNETT,175,194
Morgan,STOVER,451,433
Morgan,SYRACUSE,160,215
New Madrid,ANDERSON 1&2,143,159
New Madrid,BIG PRAIRIE 1&2,126,117
New Madrid,BIG PRAIRIE 3,96,150
New Madrid,BIG PRAIRIE 4,328,404
New Madrid,COMO 1&2,83,96
New Madrid,COMO 3&4,124,152
New Madrid,COMO 5,7,17
New Madrid,"LAFONT 1, 2 & 3",112,116
New Madrid,"LEWIS 1, 2 & 5",168,158
New Madrid,LEWIS 3&4,53,39
New Madrid,NEW MADRID 1,139,131
New Madrid,"NEW MADRID 2, 4 & 5",267,235
New Madrid,NEW MADRID 3,136,159
New Madrid,PORTAGE 1 & LESIEUR 1,290,277
New Madrid,PORTAGE 2,316,261
New Madrid,PORTAGE 3,21,22
New Madrid,WEST 1&2,120,132
New Madrid,WEST 3&4,43,51
New Madrid,ABSENTEE,135,99
Newton,CROWDER PRECINCT,365,424
Newton,DIAMOND PRECINCT,627,905
Newton,FAIRVIEW PRECINCT,143,187
Newton,GRANBY PRECINCT,566,765
Newton,HORNET PRECINCT,746,690
Newton,EAST NEOSHO PRECINCT,449,483
Newton,WEST NEOSHO PRECINCT,699,942
Newton,NEOSHO #1 PRECINCT,603,623
Newton,NEOSHO #2 PRECINCT,339,410
Newton,NEOSHO #3 PRECINCT,337,299
Newton,NEOSHO #4 PRECINCT,493,366
Newton,NEWTONIA PRECINCT,139,152
Newton,REDING PRECINCT,390,356
Newton,RITCHEY PRECINCT,138,172
Newton,SENECA PRECINCT,634,716
Newton,STAPLES EAST PRECINCT,222,178
Newton,STAPLES WEST PRECINCT,456,343
Newton,STAPLES #21 PRECINCT,437,297
Newton,STAPLES #27 PRECINCT,703,657
Newton,STELLA PRECINCT,144,194
Newton,THURMAN PRECINCT,678,659
Newton,WENTWORTH PRECINCT,149,221
Newton,WESTVIEW PRECINCT,418,535
Newton,FEDERAL,3,0
Newton,ABSENTEE,880,829
Newton,MULTI-PRECINCT COLLECTION,0,1
Nodaway,ATCHISON (CLEARMONT),84,75
Nodaway,GRANT (BARNARD),132,113
Nodaway,GREEN (QUITMAN),42,55
Nodaway,HOPKINS (HOPKINS),113,106
Nodaway,HUGHES (GRAHAM),72,120
Nodaway,INDEPENDENCE (PARNELL),61,50
Nodaway,JACKSON (RAVENWOOD),170,216
Nodaway,JEFFERSON (CONCEPTION JCT),145,147
Nodaway,LINCOLN (ELMO),62,88
Nodaway,MONROE (SKIDMORE),84,93
Nodaway,NODAWAY (BURL JCT),150,135
Nodaway,UNION (PICKERING),74,96
Nodaway,WASHINGTON (GUILFORD),50,89
Nodaway,WHITE CLOUD,99,103
Nodaway,POLK A-POLK D,1017,696
Nodaway,POLK E,295,290
Nodaway,POLK B-POLK C,1039,756
Nodaway,ABSENTEE,407,250
Nodaway,PROVISIONAL,5,2
Oregon,BIG APPLE,150,110
Oregon,HIGHLAND,100,90
Oregon,JOBE BILLMORE,43,41
Oregon,JOHNSON OZARK,60,57
Oregon,MOORE BLACKPOND,104,122
Oregon,ABSENTEE,202,140
Oregon,CEDAR BLUFF/MYRTLE,84,102
Oregon,COUCH/JEFF,109,98
Oregon,KING/PINEY/WOOD,485,417
Oregon,THAYER 1 & 2,673,456
Osage,FREEDOM,121,149
Osage,LINN 1 NORTH (ST GEORGE),268,413
Osage,LINN 2 SOUTH (ST JOHN METHODIST),271,420
Osage,CHAMOIS,115,187
Osage,BELLE,194,220
Osage,FREEBURG,130,188
Osage,RICH FOUNTAIN,112,242
Osage,WESTPHALIA,319,566
Osage,META,87,133
Osage,KOELTZTOWN,84,155
Osage,LOOSE CREEK,415,737
Osage,ABSENTEE,148,180
Ozark,BARREN FORK,148,192
Ozark,BIG CREEK,361,252
Ozark,THORNFIELD,107,135
Ozark,BRIDGES,446,362
Ozark,BAYOU I,211,212
Ozark,DAWT,113,90
Ozark,JACKSON,88,41
Ozark,LICK CREEK,115,59
Ozark,PONTIAC,80,48
Ozark,RICHLAND,223,198
Ozark,ABSENTEE,244,170
Pemiscot,HAYTI 2 (2012),161,121
Pemiscot,CARUTHERSVILLE 3 (2403),203,178
Pemiscot,CARUTHERSVILLE 4 (2404),179,135
Pemiscot,VIRGINIA (3201),43,56
Pemiscot,DEERING/BRAGGADOCIO,82,99
Pemiscot,BUTLER/CONCORD/GODAIR,83,69
Pemiscot,COOTER/TYLER,83,74
Pemiscot,STEELE/HOLLAND,237,239
Pemiscot,"HAYTI-1/HAYTI HEIGHTS 1,2,3",229,191
Pemiscot,WARDELL/HOMESTOWN,88,92
Pemiscot,CARUTHERSVILLE 1&2,233,181
Pemiscot,MCCARTY/COTTONWOOD,106,134
Pemiscot,PASCOLA/BRAGG CITY,43,57
Pemiscot,FEDERAL,0,0
Pemiscot,ABSENTEE,230,185
Perry,ALTENBURG,117,126
Perry,FROHNA,120,118
Perry,PERRYVILLE P-1,443,362
Perry,PERRYVILLE P-2,488,358
Perry,PERRYVILLE P-3,446,323
Perry,PERRYVILLE P-4,220,197
Perry,PERRYVILLE P-5,233,245
Perry,BIEHLE,130,158
Perry,HIGHLAND,117,126
Perry,CROSSTOWN,74,98
Perry,FARRAR,49,76
Perry,BREWER,226,173
Perry,LITHIUM,112,100
Perry,SILVER LAKE,127,131
Perry,YOUNT,170,110
Perry,LONGTOWN,84,105
Perry,UNIONTOWN,117,148
Perry,BELGIQUE/SERENO,104,91
Perry,ABSENTEE,322,221
Pettis,BOWLING GREEN,178,163
Pettis,CEDAR,183,159
Pettis,DRESDEN,147,154
Pettis,FLAT CREEK,415,339
Pettis,HOUSTONIA,76,58
Pettis,HUGHESVILLE,94,122
Pettis,PRAIRIE,605,613
Pettis,SEDALIA EAST,473,342
Pettis,SEDALIA WEST,196,165
Pettis,1ST WARD,859,508
Pettis,2ND WARD,595,311
Pettis,3RD WARD,880,499
Pettis,4TH WARD,1162,706
Pettis,BLACKWATER/LA MONTE,304,282
Pettis,GREEN RIDGE/ELK FORK/WASHINGTON,445,448
Pettis,HEATH CREEK/LONGWOOD,189,208
Pettis,LAKE CREEK/SMITHTON/BROOKING PARK,584,512
Pettis,ABSENTEE,1176,648
Phelps,JEROME,59,63
Phelps,DILLON CENTRAL,722,537
Phelps,DILLON NORTH,346,308
Phelps,DILLON SOUTH,294,301
Phelps,COLD SPRINGS EAST,174,156
Phelps,COLD SPRINGS WEST,318,288
Phelps,ROLLA WARD 1,467,189
Phelps,ROLLA WARD 2,468,222
Phelps,ROLLA WARD 3,687,383
Phelps,ROLLA WARD 4,745,515
Phelps,ROLLA WARD 5,415,235
Phelps,ROLLA WARD 6,258,118
Phelps,ROLLA OUTSIDE SOUTH,268,231
Phelps,DOOLITTLE WARD 1,277,202
Phelps,NEWBURG WARD 1,129,97
Phelps,EDGAR SPRINGS NORTH,399,398
Phelps,DAWSON,647,506
Phelps,MERAMEC NORTH & SOUTH,695,517
Phelps,MILLER EAST,663,602
Phelps,ABSENTEE,674,419
Pike,BUFFALO B,198,112
Pike,BUFFALO C,198,142
Pike,BUFFALO D,248,173
Pike,BUFFALO E,285,158
Pike,CALUMET F,208,198
Pike,PRAIRIEVILLE I,213,303
Pike,CUIVRE J-L,466,444
Pike,CUIVRE K,311,298
Pike,CUIVRE M,244,196
Pike,INDIAN R-S,117,120
Pike,SPENCER T-U,125,133
Pike,PENO V,242,188
Pike,ASHLEY NO/HARTFORD PQ,184,219
Pike,FEDERAL,1,1
Pike,ABSENTEE,230,133
Platte,05 PARKVILLE,2082,754
Platte,06 PAR 4,1538,575
Platte,09 LAKE WAUKOMIS,418,136
Platte,10 WEATHERBY LAKE,860,296
Platte,12 FARLEY,209,102
Platte,13 HAMPTON WEST,1280,493
Platte,14 PLATTE CITY,947,447
Platte,27 CAMDEN POINT,272,160
Platte,34 BARRY EAST,1448,497
Platte,35 NORTHERN HEIGHTS,1228,450
Platte,38 LINE CREEK,1498,516
Platte,40 BARRY NORTH,1528,489
Platte,41 PARK HILL NORTH,1276,459
Platte,42 BARRY SOUTH,1174,448
Platte,11 EMBASSY,789,252
Platte,44 SEVEN BRIDGES,1689,724
Platte,01 RIVERSIDE/03 NORTHMOOR,1224,479
Platte,02 PRAIRIE POINT/32 TIFFANY SPRINGS,1946,632
Platte,04 HOUSTON LAKE/37 SOUTHEAST,1685,570
Platte,07 PLATTE HILLS/15 HAMPTON EAST,1062,454
Platte,08 PLATTE WOODS/36 PARK HILL,800,248
Platte,16 BEVERLY/17 TRACY/28 SETTLES STATION,281,178
Platte,18/19 WESTON ET AL,940,449
Platte,23 NEW MARKET/24 DEARBORN,323,190
Platte,25 EDGERTON/26 RIDGELY,453,268
Platte,29 HOOVER/43 SHILOH,841,478
Platte,30 FERRELVIEW/31 MID-CONTINENT/33 LINKVILLE,735,315
Platte,ABSENTEE,2840,1030
Polk,NORTH BENTON,251,349
Polk,NORTH GREENE,238,203
Polk,JACKSON,206,169
Polk,JOHNSON,371,321
Polk,EAST LOONEY,317,218
Polk,WEST LOONEY,273,275
Polk,EAST MADISON,271,282
Polk,NORTHEAST MARION,770,696
Polk,NORTHWEST MARION,797,732
Polk,SOUTHEAST MARION,544,440
Polk,SOUTHWEST MARION,509,444
Polk,MOONEY,672,465
Polk,UNION,128,92
Polk,ABSENTEE,586,386
Polk,FEDERAL,3,0
Pulaski,BIG PINEY,61,65
Pulaski,CROCKER,543,560
Pulaski,DIXON,711,767
Pulaski,LAQUEY,641,532
Pulaski,RICHLAND,398,315
Pulaski,ST ROBERT,1410,1009
Pulaski,SWEDEBORG,93,129
Pulaski,WAYNESVILLE,1343,917
Pulaski,ABSENTEE,711,444
Putnam,EL ELM(WORTHINGTON/MARTINSTOWN,87,97
Putnam,GR GRANT,40,29
Putnam,LB LIBERTY,46,43
Putnam,LI LINCOLN,51,67
Putnam,ME MEDICINE,14,53
Putnam,YO YORK,36,49
Putnam,UNION NE,260,278
Putnam,UNION SW,180,272
Putnam,ABSENTEE,131,88
Ralls,SAVERTON,429,397
Ralls,OAKWOOD,494,466
Ralls,CENTER,230,244
Ralls,LIBERTY,53,83
Ralls,PERRY,296,249
Ralls,HASSARD,175,131
Ralls,SPENCER,353,303
Ralls,ABSENTEE,197,157
Randolph,CLARK,125,132
Randolph,RENICK,275,282
Randolph,SOUTH SUGAR CREEK,254,301
Randolph,CAIRO/JACKSONVILLE,370,417
Randolph,CLIFTON HILL/TH,64,78
Randolph,HIGBEE/YATES,210,222
Randolph,HUNTSVILLE/WESTRAN HS,263,247
Randolph,MOBERLY/JEFF. AVE.,372,251
Randolph,MOBERLY/CITY HALL,364,238
Randolph,MOBERLY/YMCA,591,442
Randolph,MOBERLY/MACC,554,443
Randolph,MOBERLY/IMMANUEL,276,191
Randolph,SALT SPRINGS/WESTRAN HS,299,302
Randolph,UNION/N. SUGAR CRK FAMILY LIFE,302,321
Randolph,ABSENTEE,314,181
Ray,CAMDEN,111,71
Ray,HARDIN,237,166
Ray,HENRIETTA,46,41
Ray,HOMESTEAD VILLIAGE,387,178
Ray,KNOXVILLE,251,145
Ray,LAWSON,1222,634
Ray,MILLVILLE,95,65
Ray,ORRICK,482,239
Ray,RAYVILLE,217,120
Ray,RICHMOND 1 & 2,809,508
Ray,STET,68,62
Ray,WOOD HEIGHTS,817,382
Ray,RICHMOND 3 & 4,769,456
Ray,ABSENTEE,417,234
Reynolds,BLACK,61,49
Reynolds,OATES,40,49
Reynolds,BUNKER,137,118
Reynolds,CENTER,81,57
Reynolds,CORR & REYN,43,44
Reynolds,DAGONIA,27,22
Reynolds,LESTER,159,118
Reynolds,ELL 1,142,191
Reynolds,ELL 2,208,229
Reynolds,REDFORD,76,93
Reynolds,WEBB CREEK,34,41
Reynolds,BLUFFVIEW,44,35
Reynolds,GARWOOD,65,57
Reynolds,ABSENTEE,104,102
Ripley,ABSENTEE,246,159
Ripley,DONIPHAN P1&P2/WEST DONIPHAN/POYNOR/CURRENT RIVER,976,886
Ripley,GATEWOOD/UNION,128,122
Ripley,HARRIS/VARNER (R1),139,136
Ripley,JORDAN/JOHNSON (P1),166,235
Ripley,SHIRLEY/PINE/KELLY,116,94
Ripley,THOMAS/VARNER (R2),187,149
Ripley,WASHINGTON/FLATWOODS/JOHNSON (P2),296,271
Saline,HARDEMAN,111,94
Saline,NELSON,52,51
Saline,BLACKBURN,136,133
Saline,HERNDON,116,106
Saline,SWEET SPRINGS,371,324
Saline,MARSHALL 1,764,484
Saline,MARSHALL 2,612,394
Saline,MARSHALL 3,521,298
Saline,MARSHALL 4,488,316
Saline,OREARVILLE,58,108
Saline,SLATER,468,323
Saline,MALTA BEND,93,100
Saline,BLACKWATER,172,118
Saline,FEDERAL,0,0
Saline,ABSENTEE,404,239
Saline,MIAMI,103,118
Schuyler,DOWNING,131,154
Schuyler,GREENTOP,111,101
Schuyler,LIBERTY/GLENWOOD,255,297
Schuyler,PRAIRIE,162,197
Schuyler,ABSENTEE,80,61
Scotland,EAST JEFFERSON-TOBIN,188,244
Scotland,THOMSON-ARBELA-JOHNSON,51,72
Scotland,THOMSON-GRANGER,15,10
Scotland,HARRISON,35,44
Scotland,SANDHILL,71,44
Scotland,MT. PLEASANT,16,23
Scotland,ABSENTEE,94,57
Scotland,WEST JEFFERSON/MILLER/VEST/UNION,245,333
Scott,WARD 2-1ST CHRISTIAN,603,714
Scott,WARD 1-TRINITY GOSPEL CHURCH,807,1251
Scott,WARD 3-1ST ASSEMBLY OF GOD,284,339
Scott,WARD 4-FIRE STATION #1,367,301
Scott,MCMULLIN,26,41
Scott,BLODGETT,362,452
Scott,BENTON,489,552
Scott,KELSO,326,404
Scott,NEW HAMBURG,158,191
Scott,COMMERCE,131,151
Scott,CHAFFEE,668,656
Scott,MORLEY,147,169
Scott,VANDUSER,66,73
Scott,HAYWOOD CITY,21,26
Scott,PERKINS,42,44
Scott,DIEHLSTADT,56,89
Scott,MINER,365,441
Scott,SCOTT CITY,876,804
Scott,ORAN,307,461
Scott,ABSENTEE,392,301
Shannon,MOORE,24,36
Shannon,NEWTON,60,55
Shannon,SPRING VALLEY,204,201
Shannon,BIRCH TREE/BARTLETT/SPRING CREEK,274,209
Shannon,EMINENCE/DELAWARE,362,281
Shannon,MONTIER 1 AND 2,135,140
Shannon,WINONA/BARTLETT,382,386
Shannon,ABSENTEE,205,129
Shelby,LEONARD,51,84
Shelby,BETHEL/TIGER FORK,139,205
Shelby,HUNNEWELL,71,69
Shelby,SHELBYVILLE,164,212
Shelby,CLARENCE,217,243
Shelby,SHELBINA EAST/WEST/LENTNER,460,486
Shelby,ABSENTEE,107,100
St. Charles,084 HARVESTER,1115,622
St. Charles,085 SYCAMORE,1448,790
St. Charles,083 WOODCLIFF,516,385
St. Charles,080 HERITAGE,672,341
St. Charles,226 HOPEWELL,614,439
St. Charles,219 WESTFIELD,687,416
St. Charles,062 ADAMS,868,441
St. Charles,063 ST ANDREWS,753,358
St. Charles,022 CHESHIRE,629,367
St. Charles,203 FIELDCREST,705,492
St. Charles,208 TWIN CHIMNEYS,725,523
St. Charles,057 HANOVER,614,335
St. Charles,207 CARRIAGE HILLS,958,588
St. Charles,183 FORISTELL,648,404
St. Charles,187 FAIRVIEW,1416,914
St. Charles,186 TWIN OAKS,1091,620
St. Charles,185 JOSEPHVILLE,513,439
St. Charles,184 FLINT HILL,1248,849
St. Charles,227 WHITMOOR,1158,867
St. Charles,182 EVERGREEN,896,530
St. Charles,181 COMMUNITY,2206,1368
St. Charles,221 WELDON SPRINGS,476,370
St. Charles,189 PIONEER,815,545
St. Charles,091 KATY TRAIL,1376,976
St. Charles,196 PHOENIX,603,372
St. Charles,197 FEISE,1168,702
St. Charles,021 TRUMAN,584,253
St. Charles,193 DELMAR,468,295
St. Charles,217 KEYSTONE,628,351
St. Charles,190 PEINE,908,621
St. Charles,194 AMBER MEADOWS,686,400
St. Charles,212 CANVAS COVE,595,381
St. Charles,199 REGATTA BAY,1333,884
St. Charles,198 CEDAR,526,254
St. Charles,043 MARINA,442,213
St. Charles,169 HIGHGROVE,1429,909
St. Charles,041 GOVERNMENT,1335,535
St. Charles,051 ST CLETUS,551,241
St. Charles,047 COVILLI,430,200
St. Charles,045 MAMELLE,427,271
St. Charles,054 COVERDELL,577,257
St. Charles,161 MONTBROOK,396,212
St. Charles,160 HARMONY,467,240
St. Charles,163 CIVIC,1063,717
St. Charles,162 ELKS,1096,633
St. Charles,165 ST. PAUL,805,655
St. Charles,167 MORNINGSIDE,464,301
St. Charles,166 MOUNT HOPE,649,417
St. Charles,071 FAIRWAYS,1069,498
St. Charles,205 BAYFIELD,525,318
St. Charles,206 MONTICELLO,1338,856
St. Charles,200 NORMANDY,1090,607
St. Charles,202 RIDGEPOINT,838,548
St. Charles,173 TURTLE CREEK,1140,584
St. Charles,231 WOLFRUM,651,471
St. Charles,230 CLAYBROOK,518,337
St. Charles,170 STARBUCK,792,475
St. Charles,028 TREETOP,1295,580
St. Charles,024 WILSHIRE,982,499
St. Charles,025 SHIREWOOD,1183,680
St. Charles,149 SUNNY HILL,711,407
St. Charles,031 SIBLEY,422,211
St. Charles,148 WINDS,545,307
St. Charles,143 ALL SAINTS,386,329
St. Charles,140 LAURA HILLS,1004,549
St. Charles,147 COTTLEVILLE,780,524
St. Charles,146 ST JUDE,831,539
St. Charles,145 SALT LICK,646,404
St. Charles,144 FOX,587,379
St. Charles,228 SHOSHONE,1153,739
St. Charles,229 CALLAWAY,980,722
St. Charles,056 EDGEWOOD,844,432
St. Charles,225 AUGUSTA,472,345
St. Charles,222 NEW MELLE,793,564
St. Charles,220 PITMAN,451,272
St. Charles,153 ASPEN,500,319
St. Charles,150 TIMBERWOOD,392,295
St. Charles,154 WHEATFIELD,1071,780
St. Charles,155 GREEN FOREST,1149,719
St. Charles,151 GLENGATE,391,233
St. Charles,156 OAKS,473,220
St. Charles,152 WOODGLEN,882,578
St. Charles,159 HILLCREST,823,446
St. Charles,157 PATRIOT,574,389
St. Charles,218 DUVALL,573,389
St. Charles,004 ORCHARD FARM,232,165
St. Charles,005 RIVERS,331,176
St. Charles,215 COACHMAN,662,374
St. Charles,214 HAWK RIDGE,1410,989
St. Charles,129 PARKWOOD,573,390
St. Charles,001 KAMPVILLE,1414,691
St. Charles,211 SUMMERSET,593,361
St. Charles,210 FREYMUTH,1060,846
St. Charles,124 RABBIT RUN,701,391
St. Charles,126 MEADOW VALLEY,890,489
St. Charles,121 ST MARYS,471,204
St. Charles,122 MID RIVERS,535,266
St. Charles,128 FAIRMONT,749,428
St. Charles,034 MCNAIR,814,412
St. Charles,036 SUN LAKE,807,322
St. Charles,033 CANARY,712,294
St. Charles,130 LAKES,467,267
St. Charles,131 SHADOW CREEK,590,328
St. Charles,132 COUNTRY HILL,947,472
St. Charles,139 DISCOVERY,519,308
St. Charles,086 ARLINGTON,1200,702
St. Charles,213 BRYAN,539,277
St. Charles,234 WINDCASTLE,534,390
St. Charles,107 OAK CREEK,1041,563
St. Charles,106 SPENCER,740,374
St. Charles,104 HI POINT,619,316
St. Charles,103 CAVE SPRINGS,412,238
St. Charles,102 TANGLEWOOD,871,483
St. Charles,101 GRAYBRIDGE,478,319
St. Charles,100 MCCLAY,1250,635
St. Charles,016 MONTCLAIR,1032,536
St. Charles,015 WASHINGTON,970,446
St. Charles,014 LINCOLN,1242,547
St. Charles,113 BRIARHILL,1080,581
St. Charles,111 WOODSTREAM,1020,610
St. Charles,087 RIVER BEND,703,442
St. Charles,ABSENTEE,10226,5594
St. Clair,JACKSON,175,98
St. Clair,ABSENTEE,178,116
St. Clair,APPLETON,334,195
St. Clair,BUTLER,305,269
St. Clair,COLLINS/WASHINGTON,212,199
St. Clair,DOYAL/DALLAS,219,176
St. Clair,MONEGAW/OSAGE,77,111
St. Clair,OSCEOLA/POLK,366,349
St. Clair,ROSCOE/CENTER,164,146
St. Clair,SPEEDWELL/TABER,146,188
St. Francois,BISMARCK,394,339
St. Francois,BONNE TERRE,1176,728
St. Francois,DESLOGE 1,329,215
St. Francois,DESLOGE 2,352,245
St. Francois,DESLOGE 3,544,350
St. Francois,DOE RUN,666,515
St. Francois,FARMINGTON 1,1126,769
St. Francois,FARMINGTON 2,903,558
St. Francois,FARMINGTON 3,619,412
St. Francois,FARMINGTON 4,1044,694
St. Francois,IRON MOUNTAIN,195,162
St. Francois,KNOB LICK,237,179
St. Francois,LEADINGTON,128,90
St. Francois,LEADWOOD,401,315
St. Francois,LIBERTYVILLE,244,218
St. Francois,PARK HILLS 1,531,348
St. Francois,PARK HILLS 3,553,348
St. Francois,PARK HILLS 4,480,400
St. Francois,PATTERSON,639,437
St. Francois,TERRE DU LAC,644,387
St. Francois,TIMBERLINE,360,215
St. Francois,ABSENTEE,1114,655
St. Louis City,W 01 P 01,369,86
St. Louis City,W 01 P 02,385,76
St. Louis City,W 01 P 03,425,63
St. Louis City,W 01 P 04,393,49
St. Louis City,W 01 P 05,449,109
St. Louis City,W 01 P 06,459,125
St. Louis City,W 01 P 07,22,4
St. Louis City,W 02 P 01,60,39
St. Louis City,W 02 P 02,70,17
St. Louis City,W 02 P 03,384,150
St. Louis City,W 02 P 04,237,70
St. Louis City,W 02 P 05,469,149
St. Louis City,W 02 P 06,1,0
St. Louis City,W 02 P 07,474,102
St. Louis City,W 02 P 08,470,121
St. Louis City,W 03 P 01,150,40
St. Louis City,W 03 P 02,327,95
St. Louis City,W 03 P 03,169,58
St. Louis City,W 03 P 04,309,88
St. Louis City,W 03 P 05,188,39
St. Louis City,W 03 P 06,231,79
St. Louis City,W 03 P 07,328,91
St. Louis City,W 03 P 08,155,48
St. Louis City,W 03 P 09,143,62
St. Louis City,W 04 P 01,228,81
St. Louis City,W 04 P 02,487,170
St. Louis City,W 04 P 03,204,84
St. Louis City,W 04 P 04,307,126
St. Louis City,W 04 P 05,222,99
St. Louis City,W 04 P 06,178,54
St. Louis City,W 04 P 07,252,91
St. Louis City,W 04 P 08,46,18
St. Louis City,W 04 P 09,63,14
St. Louis City,W 04 P 10,64,22
St. Louis City,W 05 P 01,152,49
St. Louis City,W 05 P 02,175,60
St. Louis City,W 05 P 03,290,114
St. Louis City,W 05 P 04,170,73
St. Louis City,W 05 P 05,224,82
St. Louis City,W 05 P 06,398,136
St. Louis City,W 05 P 07,592,108
St. Louis City,W 05 P 08,253,50
St. Louis City,W 06 P 01,471,115
St. Louis City,W 06 P 02,526,83
St. Louis City,W 06 P 03,580,111
St. Louis City,W 06 P 04,550,121
St. Louis City,W 06 P 05,220,100
St. Louis City,W 06 P 06,441,113
St. Louis City,W 06 P 07,855,150
St. Louis City,W 06 P 08,391,99
St. Louis City,W 06 P 09,56,20
St. Louis City,W 07 P 01,370,73
St. Louis City,W 07 P 02,351,99
St. Louis City,W 07 P 03,436,78
St. Louis City,W 07 P 04,1047,229
St. Louis City,W 07 P 05,773,190
St. Louis City,W 07 P 06,1070,221
St. Louis City,W 08 P 01,696,110
St. Louis City,W 08 P 02,464,88
St. Louis City,W 08 P 03,420,74
St. Louis City,W 08 P 04,1027,111
St. Louis City,W 08 P 05,1012,148
St. Louis City,W 08 P 06,26,7
St. Louis City,W 08 P 07,343,46
St. Louis City,W 08 P 08,559,95
St. Louis City,W 08 P 09,523,91
St. Louis City,W 09 P 01,476,112
St. Louis City,W 09 P 02,435,169
St. Louis City,W 09 P 03,541,81
St. Louis City,W 09 P 04,379,73
St. Louis City,W 09 P 05,437,83
St. Louis City,W 09 P 06,424,71
St. Louis City,W 09 P 07,13,2
St. Louis City,W 09 P 08,225,45
St. Louis City,W 09 P 09,210,37
St. Louis City,W 10 P 01,725,203
St. Louis City,W 10 P 02,554,174
St. Louis City,W 10 P 03,492,158
St. Louis City,W 10 P 04,672,131
St. Louis City,W 10 P 05,592,134
St. Louis City,W 10 P 06,128,27
St. Louis City,W 10 P 07,624,101
St. Louis City,W 10 P 09,17,3
St. Louis City,W 10 P 10,103,17
St. Louis City,W 11 P 01,270,95
St. Louis City,W 11 P 02,597,153
St. Louis City,W 11 P 03,247,89
St. Louis City,W 11 P 04,494,158
St. Louis City,W 11 P 05,494,119
St. Louis City,W 11 P 06,434,110
St. Louis City,W 12 P 01,303,135
St. Louis City,W 12 P 02,715,248
St. Louis City,W 12 P 03,397,120
St. Louis City,W 12 P 04,732,233
St. Louis City,W 12 P 05,900,241
St. Louis City,W 12 P 06,825,253
St. Louis City,W 12 P 08,38,15
St. Louis City,W 12 P 09,11,4
St. Louis City,W 13 P 01,786,212
St. Louis City,W 13 P 02,828,263
St. Louis City,W 13 P 03,511,117
St. Louis City,W 13 P 04,745,176
St. Louis City,W 13 P 06,527,143
St. Louis City,W 13 P 07,8,2
St. Louis City,W 14 P 01,569,141
St. Louis City,W 14 P 02,375,79
St. Louis City,W 14 P 03,428,109
St. Louis City,W 14 P 04,722,153
St. Louis City,W 14 P 05,194,70
St. Louis City,W 14 P 06,454,123
St. Louis City,W 14 P 07,60,10
St. Louis City,W 14 P 08,22,4
St. Louis City,W 14 P 09,135,42
St. Louis City,W 15 P 01,764,105
St. Louis City,W 15 P 02,1019,119
St. Louis City,W 15 P 03,1078,144
St. Louis City,W 15 P 04,379,75
St. Louis City,W 15 P 05,757,95
St. Louis City,W 15 P 06,276,66
St. Louis City,W 15 P 07,1,0
St. Louis City,W 16 P 01,606,172
St. Louis City,W 16 P 02,709,224
St. Louis City,W 16 P 03,685,208
St. Louis City,W 16 P 04,675,232
St. Louis City,W 16 P 05,733,167
St. Louis City,W 16 P 06,608,170
St. Louis City,W 16 P 07,577,187
St. Louis City,W 16 P 08,262,55
St. Louis City,W 17 P 01,283,53
St. Louis City,W 17 P 02,352,48
St. Louis City,W 17 P 03,137,27
St. Louis City,W 17 P 04,568,105
St. Louis City,W 17 P 05,1301,177
St. Louis City,W 17 P 06,826,128
St. Louis City,W 17 P 07,6,0
St. Louis City,W 17 P 08,620,127
St. Louis City,W 18 P 01,786,151
St. Louis City,W 18 P 02,418,122
St. Louis City,W 18 P 03,95,22
St. Louis City,W 18 P 04,342,114
St. Louis City,W 18 P 05,380,107
St. Louis City,W 18 P 06,362,117
St. Louis City,W 19 P 01,588,145
St. Louis City,W 19 P 02,38,10
St. Louis City,W 19 P 03,122,49
St. Louis City,W 19 P 04,332,89
St. Louis City,W 19 P 05,402,75
St. Louis City,W 19 P 06,414,112
St. Louis City,W 19 P 07,89,22
St. Louis City,W 19 P 08,237,74
St. Louis City,W 19 P 09,208,68
St. Louis City,W 20 P 01,354,94
St. Louis City,W 20 P 02,236,58
St. Louis City,W 20 P 03,493,93
St. Louis City,W 20 P 04,253,93
St. Louis City,W 20 P 05,478,106
St. Louis City,W 20 P 06,67,25
St. Louis City,W 20 P 07,144,34
St. Louis City,W 21 P 01,148,72
St. Louis City,W 21 P 02,277,129
St. Louis City,W 21 P 03,252,107
St. Louis City,W 21 P 04,340,114
St. Louis City,W 21 P 05,231,98
St. Louis City,W 21 P 06,308,132
St. Louis City,W 21 P 07,181,76
St. Louis City,W 21 P 08,225,88
St. Louis City,W 21 P 09,263,85
St. Louis City,W 22 P 01,149,32
St. Louis City,W 22 P 02,356,87
St. Louis City,W 22 P 03,421,100
St. Louis City,W 22 P 04,334,85
St. Louis City,W 22 P 05,255,69
St. Louis City,W 22 P 06,410,118
St. Louis City,W 22 P 07,151,41
St. Louis City,W 22 P 08,50,11
St. Louis City,W 23 P 01,825,217
St. Louis City,W 23 P 02,668,160
St. Louis City,W 23 P 03,427,114
St. Louis City,W 23 P 04,645,183
St. Louis City,W 23 P 05,532,126
St. Louis City,W 23 P 06,490,136
St. Louis City,W 23 P 07,568,139
St. Louis City,W 23 P 08,505,144
St. Louis City,W 23 P 09,138,54
St. Louis City,W 24 P 01,634,161
St. Louis City,W 24 P 02,432,106
St. Louis City,W 24 P 03,407,111
St. Louis City,W 24 P 04,608,155
St. Louis City,W 24 P 05,635,124
St. Louis City,W 24 P 06,690,158
St. Louis City,W 24 P 07,583,158
St. Louis City,W 24 P 08,222,54
St. Louis City,W 25 P 01,422,178
St. Louis City,W 25 P 02,543,177
St. Louis City,W 25 P 03,258,75
St. Louis City,W 25 P 04,513,174
St. Louis City,W 25 P 05,206,65
St. Louis City,W 25 P 06,5,0
St. Louis City,W 26 P 01,319,140
St. Louis City,W 26 P 02,205,93
St. Louis City,W 26 P 03,957,191
St. Louis City,W 26 P 04,500,163
St. Louis City,W 26 P 05,398,143
St. Louis City,W 26 P 06,442,173
St. Louis City,W 27 P 01,417,113
St. Louis City,W 27 P 02,239,68
St. Louis City,W 27 P 03,370,99
St. Louis City,W 27 P 04,252,66
St. Louis City,W 27 P 05,201,64
St. Louis City,W 27 P 06,402,95
St. Louis City,W 27 P 07,477,125
St. Louis City,W 27 P 08,231,97
St. Louis City,W 28 P 01,523,73
St. Louis City,W 28 P 02,286,53
St. Louis City,W 28 P 04,378,63
St. Louis City,W 28 P 05,484,110
St. Louis City,W 28 P 06,512,89
St. Louis City,W 28 P 07,428,53
St. Louis City,W 28 P 08,659,101
St. Louis City,W 28 P 09,350,65
St. Louis City,W 28 P 10,617,140
St. Louis City,W 28 P 11,342,60
St. Louis County,"AP1,2,7,43",467,279
St. Louis County,"AP3,27 NRW2,8,15,29",274,385
St. Louis County,AP4,97,63
St. Louis County,"AP5,18,21,39",449,246
St. Louis County,AP6,3,1
St. Louis County,"AP8,20",212,116
St. Louis County,"AP9,25",194,115
St. Louis County,AP10,309,175
St. Louis County,"AP11,24",333,179
St. Louis County,"AP12,32",503,280
St. Louis County,AP13,196,105
St. Louis County,"AP14,15,16 NOR26",732,371
St. Louis County,"AP17,23,26,42 NW14",804,467
St. Louis County,"AP19 NW5,17",428,257
St. Louis County,"AP22 MID7,22",375,216
St. Louis County,"AP28,47",353,198
St. Louis County,"AP29,31,33",462,261
St. Louis County,"AP30,35",61,42
St. Louis County,"AP34 FER1,26",419,309
St. Louis County,AP36,38,14
St. Louis County,AP37,115,66
St. Louis County,"AP38 NRW3,4",494,376
St. Louis County,"AP40,46 MID42,46,56",663,368
St. Louis County,AP41,267,138
St. Louis County,AP44,146,72
St. Louis County,"AP45,50,51 NOR20,21,24+",719,309
St. Louis County,AP48,39,34
St. Louis County,AP49,286,147
St. Louis County,"BON1,18",782,371
St. Louis County,"BON2,4",612,264
St. Louis County,"BON3,28,30,38",520,370
St. Louis County,"BON5,24,36",1199,562
St. Louis County,BON6,857,359
St. Louis County,BON7,155,104
St. Louis County,"BON8,22",649,272
St. Louis County,BON9,835,481
St. Louis County,BON10,530,401
St. Louis County,"BON11,33",623,285
St. Louis County,BON12,891,388
St. Louis County,"BON13,23,26,29",1094,478
St. Louis County,BON14,9,4
St. Louis County,BON15,636,415
St. Louis County,BON16,98,52
St. Louis County,BON17,173,135
St. Louis County,BON19 CLA15,705,313
St. Louis County,"BON20,35 GRA10,12",361,303
St. Louis County,BON21,402,330
St. Louis County,BON25,195,145
St. Louis County,"BON27,34",703,316
St. Louis County,BON31,416,210
St. Louis County,BON32,565,225
St. Louis County,"BON37,39",341,282
St. Louis County,"BON40 GRA2,9",366,251
St. Louis County,"CC1,10",700,292
St. Louis County,"CC2,7 MHT13,43",652,369
St. Louis County,"CC3,4,5",634,276
St. Louis County,"CC6,8",570,260
St. Louis County,"CC9,11,16",589,287
St. Louis County,"CC12,13,22,51 MID1,13,28+",911,239
St. Louis County,CC14,806,294
St. Louis County,CC15 CLA16,505,360
St. Louis County,"CC17,30,38 MID57,58",512,192
St. Louis County,"CC18, MID11",79,50
St. Louis County,"CC19,34",458,234
St. Louis County,"CC20,26 MHT54 MR2",527,410
St. Louis County,"CC21,28,59",225,127
St. Louis County,CC23,592,279
St. Louis County,CC24,47,35
St. Louis County,"CC25,29,40",277,180
St. Louis County,"CC27,39 MR31",521,277
St. Louis County,CC31,440,225
St. Louis County,"CC32,45,56",41,24
St. Louis County,"CC33,47,58",523,198
St. Louis County,CC35,432,176
St. Louis County,CC36,186,74
St. Louis County,CC37,61,27
St. Louis County,CC41,192,68
St. Louis County,CC42,517,185
St. Louis County,CC43 MID54,111,44
St. Louis County,CC44,516,192
St. Louis County,"CC46,52",359,160
St. Louis County,CC48,15,3
St. Louis County,"CC49 MHT50,53",703,466
St. Louis County,CC50,398,150
St. Louis County,CC53,620,296
St. Louis County,CC54,67,23
St. Louis County,CC55,204,103
St. Louis County,"CC57 MID24,26,52,59 MHT18",452,248
St. Louis County,CC60 MR39,189,170
St. Louis County,"CHE1,36,37",562,537
St. Louis County,"CHE2,28",580,547
St. Louis County,"CHE3,23",182,170
St. Louis County,"CHE4,9",511,433
St. Louis County,"CHE5,6,7,55",606,641
St. Louis County,"CHE8,33",556,554
St. Louis County,CHE10,273,257
St. Louis County,CHE11 WH27,482,469
St. Louis County,CHE12,202,129
St. Louis County,"CHE13,26",758,702
St. Louis County,CHE14,97,58
St. Louis County,"CHE15,16",721,569
St. Louis County,"CHE17,34,39 WH3",636,608
St. Louis County,"CHE18,30,56,57",627,485
St. Louis County,"CHE19,42",764,461
St. Louis County,"CHE20,24,25,29,35,47",739,649
St. Louis County,"CHE21,40 WH23",839,648
St. Louis County,CHE22,476,246
St. Louis County,"CHE27 WH4,10,12",463,375
St. Louis County,CHE31 LAF26,63,51
St. Louis County,"CHE32,52",22,18
St. Louis County,"CHE38,49,51 MER3",332,307
St. Louis County,CHE41,239,173
St. Louis County,"CHE43,46,54 MER2,4,5,35",509,539
St. Louis County,CHE44 LAF1,301,226
St. Louis County,CHE45 MHT16,176,144
St. Louis County,"CHE48,50",142,149
St. Louis County,CHE53,51,33
St. Louis County,CLA1,754,193
St. Louis County,"CLA2,8",619,177
St. Louis County,"CLA3,11,48",1305,457
St. Louis County,CLA4,269,89
St. Louis County,CLA5,347,98
St. Louis County,CLA6,554,270
St. Louis County,CLA7,230,103
St. Louis County,"CLA9,17,27",407,116
St. Louis County,"CLA10,38,39",513,240
St. Louis County,"CLA12,26",193,126
St. Louis County,"CLA13,14",525,335
St. Louis County,"CLA18,37",399,270
St. Louis County,"CLA19,20",476,218
St. Louis County,CLA21,468,139
St. Louis County,"CLA22,51",747,257
St. Louis County,CLA23,664,281
St. Louis County,CLA24,168,121
St. Louis County,"CLA25,34,36,49",204,199
St. Louis County,"CLA28,47",232,99
St. Louis County,CLA29,37,10
St. Louis County,CLA30,301,127
St. Louis County,CLA31,326,119
St. Louis County,CLA32,235,142
St. Louis County,CLA33,146,112
St. Louis County,CLA35,490,252
St. Louis County,CLA40,268,201
St. Louis County,CLA41,199,103
St. Louis County,"CLA42,45 JEF1",537,415
St. Louis County,CLA43,277,96
St. Louis County,CLA44,202,60
St. Louis County,CLA46,645,280
St. Louis County,CLA50,344,141
St. Louis County,CON1 GRA31,485,406
St. Louis County,CON2 GRA40,481,270
St. Louis County,"CON3,41 TSF14",583,419
St. Louis County,CON4,644,324
St. Louis County,CON5 GRA42,701,418
St. Louis County,CON6,12,10
St. Louis County,"CON7,19,20,50,51",417,210
St. Louis County,"CON8,10",823,424
St. Louis County,"CON9,23",520,251
St. Louis County,"CON11,12,16,29",373,256
St. Louis County,"CON13,47,49,52",837,435
St. Louis County,"CON14,33,39",144,93
St. Louis County,CON15,52,34
St. Louis County,CON17 GRA33,467,271
St. Louis County,CON18,359,263
St. Louis County,"CON21,22",537,286
St. Louis County,"CON24,44",211,180
St. Louis County,"CON25,31,48",630,502
St. Louis County,"CON26,36,37,38",463,232
St. Louis County,CON27,573,308
St. Louis County,CON28,151,77
St. Louis County,"CON30,42",739,397
St. Louis County,CON32,193,122
St. Louis County,CON34,143,78
St. Louis County,CON35,116,52
St. Louis County,CON40,150,111
St. Louis County,CON43,453,317
St. Louis County,CON45,145,64
St. Louis County,CON46,203,146
St. Louis County,"FER2,4,6,7,25",442,370
St. Louis County,"FER3,13,15,24,44",555,588
St. Louis County,FER5,462,257
St. Louis County,FER8,163,236
St. Louis County,"FER9,10,28,39 NRW9,26",394,384
St. Louis County,FER11,94,86
St. Louis County,"FER12,20,31,32",492,399
St. Louis County,"FER14,43",169,185
St. Louis County,FER16 FLO4,574,503
St. Louis County,"FER17,18,19",507,624
St. Louis County,"FER21,34,35",604,446
St. Louis County,FER22,461,507
St. Louis County,FER23,135,129
St. Louis County,"FER27,41 NRW39",410,305
St. Louis County,"FER29 SPL9,12,20,26",712,674
St. Louis County,FER30,166,125
St. Louis County,"FER33,38",541,377
St. Louis County,FER36,85,61
St. Louis County,"FER37,40",645,674
St. Louis County,FER42,337,307
St. Louis County,FER45,15,16
St. Louis County,FER46,7,9
St. Louis County,"FLO1 LC7,20",496,302
St. Louis County,"FLO2,5,11",639,455
St. Louis County,FLO3,601,440
St. Louis County,FLO6,223,313
St. Louis County,FLO7,135,68
St. Louis County,"FLO8,30",699,454
St. Louis County,FLO9,424,342
St. Louis County,FLO10,7,1
St. Louis County,FLO12,353,219
St. Louis County,FLO13,126,104
St. Louis County,"FLO14,16",801,474
St. Louis County,"FLO15 LC10,33",463,371
St. Louis County,FLO17 SPL18,588,530
St. Louis County,"FLO18,23",518,404
St. Louis County,"FLO19,24",552,540
St. Louis County,FLO20,150,84
St. Louis County,"FLO21,27",385,243
St. Louis County,"FLO22,29",394,296
St. Louis County,"FLO25 LC18,27",40,23
St. Louis County,"FLO26,28",335,242
St. Louis County,FLO31,485,296
St. Louis County,"GRA1,20",187,98
St. Louis County,"GRA3,8",157,77
St. Louis County,GRA4,500,266
St. Louis County,"GRA5,46",939,515
St. Louis County,"GRA6,27",717,294
St. Louis County,GRA7,186,80
St. Louis County,GRA11,241,152
St. Louis County,"GRA13,17",532,255
St. Louis County,"GRA14,41",360,250
St. Louis County,GRA15,597,354
St. Louis County,GRA16,643,317
St. Louis County,GRA18,535,261
St. Louis County,GRA19,601,335
St. Louis County,GRA21,198,94
St. Louis County,"GRA22,39",887,417
St. Louis County,"GRA23,30,34",32,29
St. Louis County,"GRA24,43,44,45",377,240
St. Louis County,GRA25,318,147
St. Louis County,GRA26,444,209
St. Louis County,"GRA28,29,32",898,506
St. Louis County,GRA35,63,23
St. Louis County,"GRA36,38",261,136
St. Louis County,GRA37,277,199
St. Louis County,GRA47,110,92
St. Louis County,HAD1,1234,398
St. Louis County,"HAD2,30",732,266
St. Louis County,"HAD3,19",232,72
St. Louis County,HAD4,678,59
St. Louis County,HAD5,207,71
St. Louis County,"HAD6,7,24",660,264
St. Louis County,HAD8,464,63
St. Louis County,HAD9,558,111
St. Louis County,"HAD10,11",700,83
St. Louis County,HAD12,693,239
St. Louis County,"HAD13,20",310,58
St. Louis County,HAD14,455,108
St. Louis County,HAD15,572,147
St. Louis County,"HAD16,34",822,253
St. Louis County,"HAD17,18",206,14
St. Louis County,"HAD21,26",678,281
St. Louis County,"HAD22,23",423,120
St. Louis County,"HAD25,27",547,199
St. Louis County,"HAD28,29",709,198
St. Louis County,"HAD31 JEF9,11,15",959,407
St. Louis County,HAD32,844,241
St. Louis County,HAD33,990,311
St. Louis County,HAD35 UNV20,105,37
St. Louis County,"JEF2,37",787,393
St. Louis County,"JEF3,4",550,196
St. Louis County,JEF5,402,197
St. Louis County,"JEF6,8,29",951,383
St. Louis County,JEF7,148,37
St. Louis County,JEF10,746,283
St. Louis County,JEF12,182,43
St. Louis County,JEF13,305,81
St. Louis County,JEF14,1316,318
St. Louis County,JEF16,339,187
St. Louis County,JEF17,573,185
St. Louis County,"JEF18,24",1024,308
St. Louis County,"JEF19,31",1235,436
St. Louis County,JEF20,294,112
St. Louis County,JEF21,631,187
St. Louis County,JEF22,263,100
St. Louis County,"JEF23,30",1070,289
St. Louis County,JEF25,128,49
St. Louis County,JEF26,147,74
St. Louis County,JEF27,787,275
St. Louis County,JEF28,85,30
St. Louis County,JEF32,746,377
St. Louis County,JEF33,67,28
St. Louis County,"JEF34,35,36",760,379
St. Louis County,LAF2 MR14,657,455
St. Louis County,LAF3,42,29
St. Louis County,LAF4,570,362
St. Louis County,"LAF5,21",598,391
St. Louis County,LAF6,376,256
St. Louis County,"LAF7,28,34",360,336
St. Louis County,"LAF8,11",596,485
St. Louis County,LAF9,508,438
St. Louis County,LAF10,50,60
St. Louis County,LAF12,294,171
St. Louis County,"LAF13,38",460,327
St. Louis County,"LAF14,33",531,439
St. Louis County,LAF15,108,100
St. Louis County,LAF16,218,142
St. Louis County,"LAF17,18",574,454
St. Louis County,"LAF19,23,24",722,513
St. Louis County,LAF20,67,45
St. Louis County,"LAF22,37,40,41",709,621
St. Louis County,LAF25,615,389
St. Louis County,LAF27 WH30,170,137
St. Louis County,LAF29,449,307
St. Louis County,LAF30,425,233
St. Louis County,LAF31,361,246
St. Louis County,LAF32,373,284
St. Louis County,LAF35,78,101
St. Louis County,LAF36,157,133
St. Louis County,LAF39,474,381
St. Louis County,LAF42,77,50
St. Louis County,LAF43,90,60
St. Louis County,"LAF44,45",47,37
St. Louis County,"LAF46 MR3,4",773,592
St. Louis County,"LC1 NW6,15",351,203
St. Louis County,"LC2,3",448,368
St. Louis County,LC4 NW10,496,297
St. Louis County,LC5,469,331
St. Louis County,"LC6,9",555,390
St. Louis County,"LC8,25,31",515,495
St. Louis County,"LC11,13,23",551,370
St. Louis County,"LC12,32",596,314
St. Louis County,LC14,430,367
St. Louis County,LC15,446,326
St. Louis County,LC16,11,7
St. Louis County,"LC17,22",917,737
St. Louis County,LC19,14,8
St. Louis County,LC21,641,533
St. Louis County,"LC24,29 NW7",521,346
St. Louis County,LC26 SPL6,718,438
St. Louis County,LC28,364,217
St. Louis County,LC30 SPL8,600,662
St. Louis County,LEM1,412,282
St. Louis County,LEM2,524,291
St. Louis County,"LEM3,16,32,33 OAK12 TSF7",1146,776
St. Louis County,"LEM4,6",168,114
St. Louis County,"LEM5,30",593,319
St. Louis County,LEM7,432,221
St. Louis County,LEM8,323,155
St. Louis County,"LEM9,17",574,346
St. Louis County,"LEM10,25,26,27,28",505,270
St. Louis County,"LEM11,12,18,19,20",458,248
St. Louis County,LEM13,533,315
St. Louis County,LEM14,79,54
St. Louis County,LEM15,616,377
St. Louis County,LEM21,404,225
St. Louis County,"LEM22,24",846,567
St. Louis County,"LEM23,31",565,406
St. Louis County,LEM29,42,21
St. Louis County,"MER1,15",34,47
St. Louis County,MER6,119,93
St. Louis County,"MER7,9,13,14,16,18,19,20+",1509,1261
St. Louis County,"MER8,10,11 WH37",671,678
St. Louis County,"MER12,33",469,407
St. Louis County,MER17,648,465
St. Louis County,"MER21,36 WH1,39,42,47",633,484
St. Louis County,"MER22,30",628,523
St. Louis County,MER23,752,543
St. Louis County,MER24,827,601
St. Louis County,"MER25,26",554,389
St. Louis County,"MER27,34 WH45",866,611
St. Louis County,MER28,11,9
St. Louis County,MER29 QUE19,636,416
St. Louis County,MER31,2,3
St. Louis County,MER32,174,136
St. Louis County,"MER37,38",722,568
St. Louis County,MER40,6,10
St. Louis County,MER41 WH33,343,217
St. Louis County,MER42,599,449
St. Louis County,MER43,166,101
St. Louis County,MER44,0,0
St. Louis County,MER45,228,171
St. Louis County,MHT1,172,82
St. Louis County,MHT2,340,198
St. Louis County,MHT3,319,179
St. Louis County,MHT4,320,194
St. Louis County,MHT5,445,247
St. Louis County,"MHT6,49",208,96
St. Louis County,MHT7,30,21
St. Louis County,"MHT8,28",294,129
St. Louis County,MHT9,650,349
St. Louis County,"MHT10,11,21,22,25,31,33+",1334,677
St. Louis County,"MHT12,15 NW33,38",963,544
St. Louis County,MHT14,540,246
St. Louis County,MHT17,4,2
St. Louis County,MHT19,539,289
St. Louis County,MHT20,490,247
St. Louis County,MHT23,431,199
St. Louis County,MHT24,144,68
St. Louis County,MHT26,119,91
St. Louis County,MHT27,164,151
St. Louis County,"MHT29,41,48",263,121
St. Louis County,"MHT30,36,37,38,42,45,47+",757,372
St. Louis County,"MHT32,57",247,128
St. Louis County,MHT34,784,388
St. Louis County,"MHT35,51,55",350,317
St. Louis County,"MHT39 MR52,55",430,288
St. Louis County,MHT46 NW29,157,65
St. Louis County,MHT56,201,138
St. Louis County,"MID2,31",613,317
St. Louis County,MID3,155,85
St. Louis County,"MID4,53",425,272
St. Louis County,"MID5,8,19",666,370
St. Louis County,"MID6,43",595,325
St. Louis County,"MID9,23,27",601,363
St. Louis County,"MID10,18,55,60 UNV3",350,178
St. Louis County,MID12,331,165
St. Louis County,MID14 NOR23,479,219
St. Louis County,MID15 NOR25,379,171
St. Louis County,"MID16,41",602,253
St. Louis County,"MID17,29,34,37,44,45,49+",1118,296
St. Louis County,MID20,8,2
St. Louis County,"MID21,47",285,129
St. Louis County,"MID25,30,32,38 NOR28,54",267,167
St. Louis County,"MID33,61",182,110
St. Louis County,MID35,240,157
St. Louis County,"MID36,48",226,82
St. Louis County,MID50,47,25
St. Louis County,"MR1,11",378,295
St. Louis County,"MR5,28",422,281
St. Louis County,"MR6,37,49",564,543
St. Louis County,MR7,243,166
St. Louis County,"MR8,12,15,24,33,41,47,54",797,594
St. Louis County,MR9,38,24
St. Louis County,MR10,216,134
St. Louis County,MR13,148,89
St. Louis County,MR16,406,298
St. Louis County,MR17,34,7
St. Louis County,MR18,501,341
St. Louis County,"MR19,22",758,437
St. Louis County,MR20,10,8
St. Louis County,"MR21,57",216,145
St. Louis County,MR23,170,86
St. Louis County,"MR25,44",740,550
St. Louis County,"MR26,36",509,365
St. Louis County,MR27,875,621
St. Louis County,"MR29,43",461,371
St. Louis County,"MR30,35",694,351
St. Louis County,MR32,51,47
St. Louis County,MR34,209,140
St. Louis County,MR38,266,203
St. Louis County,"MR40,42,46",437,226
St. Louis County,"MR45,48",276,234
St. Louis County,MR50,178,111
St. Louis County,MR51,365,295
St. Louis County,MR53,91,76
St. Louis County,MR56,27,13
St. Louis County,MR58,565,341
St. Louis County,MR59,46,30
St. Louis County,"NOR1,2",255,162
St. Louis County,NOR3 UNV21,281,136
St. Louis County,"NOR4,10",356,106
St. Louis County,"NOR5,29",591,233
St. Louis County,"NOR6,7",554,236
St. Louis County,"NOR8,22,33",135,61
St. Louis County,"NOR9,37",296,179
St. Louis County,"NOR11,39,40,42",624,225
St. Louis County,"NOR12,13,17,18",487,223
St. Louis County,"NOR14,16,30,50",818,249
St. Louis County,"NOR15,35,49,55",602,254
St. Louis County,"NOR19,34 NRW50,51",217,278
St. Louis County,"NOR27,53",127,77
St. Louis County,NOR31,36,25
St. Louis County,"NOR32,46,47",96,50
St. Louis County,NOR36,138,74
St. Louis County,NOR41,110,74
St. Louis County,"NOR43,52",42,32
St. Louis County,"NOR44 NRW35,40,41,47,49",509,543
St. Louis County,"NOR45,48,51",531,260
St. Louis County,"NRW1,27,30,31,36",261,244
St. Louis County,"NRW5,6",312,200
St. Louis County,"NRW7,17",485,424
St. Louis County,NRW10,149,175
St. Louis County,"NRW11,13",304,288
St. Louis County,"NRW12,20,24,33,37",217,197
St. Louis County,"NRW14,23,34,52",263,253
St. Louis County,"NRW16,22,44,45",161,129
St. Louis County,NRW18,133,129
St. Louis County,NRW19,362,252
St. Louis County,NRW21,510,188
St. Louis County,NRW25,202,141
St. Louis County,NRW28,79,58
St. Louis County,"NRW32,48",308,194
St. Louis County,NRW38,59,48
St. Louis County,NRW42,214,194
St. Louis County,NRW43 SF22,232,223
St. Louis County,NRW46,141,97
St. Louis County,NW1,679,333
St. Louis County,NW2,476,336
St. Louis County,"NW3,16",326,195
St. Louis County,"NW4,8",494,301
St. Louis County,"NW9,22,46",596,400
St. Louis County,"NW11,20,47",668,361
St. Louis County,NW12,276,170
St. Louis County,NW13,398,188
St. Louis County,"NW18,24,25,30,44",370,269
St. Louis County,"NW19,21,35",616,282
St. Louis County,"NW23,34",469,338
St. Louis County,"NW26,43",110,59
St. Louis County,"NW27,28",26,19
St. Louis County,"NW31,37",317,185
St. Louis County,NW32,178,81
St. Louis County,"NW36,42,50",136,88
St. Louis County,"NW39,51",320,193
St. Louis County,NW40,428,276
St. Louis County,"NW41,48",697,376
St. Louis County,NW45,51,25
St. Louis County,NW49,465,277
St. Louis County,NW52,6,5
St. Louis County,"OAK1,6",515,342
St. Louis County,"OAK2,27",684,497
St. Louis County,"OAK3,23,29",665,429
St. Louis County,"OAK4,18,25 TSF4",673,503
St. Louis County,"OAK5,11,16",1051,717
St. Louis County,"OAK7,21",977,739
St. Louis County,"OAK8,22",747,556
St. Louis County,"OAK9,24",687,540
St. Louis County,OAK10,465,398
St. Louis County,OAK13,633,479
St. Louis County,OAK14,179,121
St. Louis County,OAK15,894,740
St. Louis County,"OAK17,20,26",972,687
St. Louis County,OAK19,831,611
St. Louis County,OAK28,89,67
St. Louis County,QUE1,397,176
St. Louis County,"QUE2,3",198,113
St. Louis County,QUE4,212,130
St. Louis County,QUE5,181,124
St. Louis County,QUE6,329,239
St. Louis County,QUE7,359,178
St. Louis County,QUE8,141,75
St. Louis County,QUE9,185,106
St. Louis County,"QUE10,44",538,378
St. Louis County,"QUE11,36",259,157
St. Louis County,QUE12,226,137
St. Louis County,"QUE13,15,24,41,43",1000,597
St. Louis County,"QUE14,22",464,284
St. Louis County,QUE16,190,99
St. Louis County,"QUE17,40,42,50",538,298
St. Louis County,"QUE18,30",412,268
St. Louis County,QUE20,7,2
St. Louis County,"QUE21,33",226,139
St. Louis County,QUE23,349,227
St. Louis County,"QUE25,28,34,38",476,274
St. Louis County,"QUE26,27",175,145
St. Louis County,QUE29,583,373
St. Louis County,QUE31,311,185
St. Louis County,QUE32,110,83
St. Louis County,QUE35,276,162
St. Louis County,QUE37,535,307
St. Louis County,QUE39,453,252
St. Louis County,QUE45 WH41,276,163
St. Louis County,QUE46,82,36
St. Louis County,"QUE47,48",41,16
St. Louis County,QUE49,87,53
St. Louis County,"SF1,2",388,451
St. Louis County,SF3,134,155
St. Louis County,SF4,224,310
St. Louis County,"SF5,8,12,19,28",242,319
St. Louis County,"SF6,9",459,329
St. Louis County,"SF7,33",489,327
St. Louis County,SF10,319,277
St. Louis County,"SF11,17,21,27",259,241
St. Louis County,"SF13,14",621,471
St. Louis County,"SF15,16",599,403
St. Louis County,"SF18,26",299,336
St. Louis County,SF20 SPL5,493,445
St. Louis County,"SF23,29",273,191
St. Louis County,SF24,77,59
St. Louis County,"SF25,35",343,315
St. Louis County,SF30,11,12
St. Louis County,SF31,64,32
St. Louis County,SF32,308,174
St. Louis County,SF34,10,7
St. Louis County,SPL1,495,534
St. Louis County,"SPL2,25",696,362
St. Louis County,SPL3,564,406
St. Louis County,SPL4,345,280
St. Louis County,SPL7,654,395
St. Louis County,"SPL10,27",448,368
St. Louis County,SPL11,795,464
St. Louis County,SPL13,560,417
St. Louis County,"SPL14,24",654,594
St. Louis County,"SPL15,21,22",946,772
St. Louis County,SPL16,280,195
St. Louis County,"SPL17,23",553,489
St. Louis County,SPL19,125,72
St. Louis County,SPL28,411,289
St. Louis County,"TSF1,5",76,73
St. Louis County,TSF2,506,280
St. Louis County,TSF3,774,549
St. Louis County,TSF6,448,369
St. Louis County,TSF8,353,281
St. Louis County,"TSF9,20",744,524
St. Louis County,TSF10,83,83
St. Louis County,"TSF11,12",822,505
St. Louis County,"TSF13,17",746,508
St. Louis County,TSF15,423,272
St. Louis County,TSF16,782,518
St. Louis County,TSF18,480,294
St. Louis County,TSF19,578,375
St. Louis County,TSF21,486,318
St. Louis County,TSF22,393,294
St. Louis County,TSF23,220,170
St. Louis County,TSF24,686,413
St. Louis County,"TSF25,26",691,536
St. Louis County,TSF27,112,75
St. Louis County,"UNV1,10,17",512,371
St. Louis County,"UNV2,36",454,291
St. Louis County,UNV4,604,129
St. Louis County,"UNV5,6,7,8,9,11,12,13",273,217
St. Louis County,UNV14,484,293
St. Louis County,"UNV15,16",478,333
St. Louis County,"UNV18,19",563,168
St. Louis County,UNV22,13,6
St. Louis County,UNV23,788,214
St. Louis County,UNV24,411,152
St. Louis County,"UNV25,26",572,257
St. Louis County,UNV27,560,281
St. Louis County,"UNV28,34",386,151
St. Louis County,UNV29,526,192
St. Louis County,"UNV30,45",232,167
St. Louis County,UNV31,448,154
St. Louis County,UNV32,83,33
St. Louis County,"UNV33,39,40",738,263
St. Louis County,"UNV35,38,42",627,356
St. Louis County,UNV37,206,112
St. Louis County,UNV41,327,75
St. Louis County,UNV43,196,57
St. Louis County,UNV44,4,6
St. Louis County,"WH2,5,7,26,28",376,377
St. Louis County,"WH6,40,46",602,502
St. Louis County,"WH8,36",623,477
St. Louis County,WH9,777,727
St. Louis County,WH11,312,213
St. Louis County,"WH13,21",778,629
St. Louis County,"WH14,16",169,123
St. Louis County,"WH15,24",470,285
St. Louis County,"WH17,18",181,127
St. Louis County,"WH19,20,22",775,579
St. Louis County,WH25,362,378
St. Louis County,WH29,94,71
St. Louis County,WH31,396,290
St. Louis County,"WH32,38,44",124,90
St. Louis County,"WH34,43",831,622
St. Louis County,WH35,208,197
St. Louis County,INTRASTATE01,5,4
St. Louis County,INTRASTATE02,3,4
Ste. Genevieve,BLOOMSDALE,280,152
Ste. Genevieve,CHESTNUT RIDGE,213,149
Ste. Genevieve,COFFMAN,153,129
Ste. Genevieve,KINSEY,492,363
Ste. Genevieve,NEW OFFENBERG,542,352
Ste. Genevieve,OZORA,261,208
Ste. Genevieve,ST MARY,104,75
Ste. Genevieve,NORTH,428,206
Ste. Genevieve,SOUTH,545,299
Ste. Genevieve,COMMUNITY CENTER,283,179
Ste. Genevieve,SALEM,262,187
Ste. Genevieve,ZELL,572,278
Ste. Genevieve,ABSENTEE,276,170
Stoddard,BLOOMFIELD RURAL,518,631
Stoddard,VINSON,44,49
Stoddard,BERNIE RURAL,162,207
Stoddard,DEXTER 1,389,317
Stoddard,DEXTER 2,459,522
Stoddard,DEXTER 3,290,251
Stoddard,DEXTER RURAL,761,904
Stoddard,PYLE,59,91
Stoddard,LEORA,128,186
Stoddard,ADVANCE RURAL,155,215
Stoddard,GRAY RIDGE,42,60
Stoddard,ADVANCE CITY,228,236
Stoddard,BELL CITY,181,261
Stoddard,BERNIE CITY,319,232
Stoddard,BLOOMFIELD CITY,289,264
Stoddard,DUDLEY,90,75
Stoddard,ESSEX,140,156
Stoddard,PUXICO CITY,127,128
Stoddard,ABSENTEE,389,361
Stoddard,PUXICO RURAL,275,350
Stone,ALPINE,201,77
Stone,CASS,376,246
Stone,FLAT CREEK A,474,241
Stone,FLAT CREEK B,171,107
Stone,GRANT,135,139
Stone,HURLEY,200,216
Stone,LINCOLN,127,143
Stone,MCKINLEY,91,96
Stone,PIERCE,364,255
Stone,PINE A,588,387
Stone,PINE B,539,335
Stone,PONCE DE LEON,144,97
Stone,RUTH A,877,549
Stone,RUTH B CITY,688,362
Stone,RUTH B RURAL,902,432
Stone,RUTH C,1051,658
Stone,RUTH C RURAL,175,122
Stone,UNION,115,127
Stone,WASHINGTON,352,272
Stone,WILLIAMS,299,165
Stone,SUNSET COVE,177,111
Stone,ABSENTEE,828,467
Sullivan,BROWNING,22,23
Sullivan,GREEN CASTLE,45,40
Sullivan,GREEN CITY,133,152
Sullivan,HARRIS,14,20
Sullivan,MYSTIC,23,26
Sullivan,NEWTOWN,45,54
Sullivan,OSGOOD,19,12
Sullivan,NORTH POLK,85,93
Sullivan,WINIGAN,46,39
Sullivan,HUMPHREYS & TAYLOR,29,20
Sullivan,"S. POLK, REGER, PL. HILL",130,150
Sullivan,WEST POLK & ASBURY,160,124
Sullivan,POLLOCK & BOYNTON,49,74
Sullivan,ABSENTEE,146,140
Taney,BRADLEYVILLE,127,164
Taney,MARK TWAIN,151,100
Taney,BOSTON CENTER,270,175
Taney,BRANSON 1,693,499
Taney,BRANSON 2,800,452
Taney,BRANSON 3,843,541
Taney,CEDARCREEK,139,81
Taney,MERRIAM WOODS,357,172
Taney,WALNUT SHADE,591,503
Taney,ROCKAWAY BEACH,231,113
Taney,HOLLISTER 1,799,483
Taney,HOLLISTER 2,776,469
Taney,HOLLISTER 3,615,440
Taney,KIRBYVILLE,364,229
Taney,FORSYTH 1,529,384
Taney,FORSYTH 2,990,598
Taney,KISSEE MILLS,326,167
Taney,TANEYVILLE,280,219
Taney,NORTH BRANSON,982,768
Taney,SKYLINE,317,209
Taney,MT. BRANSON,710,588
Taney,ABSENTEE,1158,610
Texas,ABSENTEE,478,351
Texas,CABOOL,698,738
Texas,CLEAR SPRING,83,83
Texas,DUNN,295,286
Texas,FAIRVIEW,178,224
Texas,HOUSTON,918,909
Texas,LICKING,800,831
Texas,R'VILLE,268,318
Texas,ROBY,358,296
Texas,SUCCESS,226,202
Texas,S'VILLE,275,318
Vernon,SCHELL CITY,106,179
Vernon,VIRGIL,63,110
Vernon,SHELDON,261,281
Vernon,BRONAUGH,60,80
Vernon,FIRST BAPTIST CHURCH,380,279
Vernon,HOME EC. BUILDING,229,143
Vernon,UNITED METHODIST CHURCH,292,201
Vernon,NATIONAL GUARD ARMORY,311,246
Vernon,YMCA,377,353
Vernon,MILO FIRE BARN,140,196
Vernon,COURTHOUSE,479,414
Vernon,HARWOOD TOWN HALL,120,161
Vernon,DEERFIELD BAPTIST CHURCH,97,129
Vernon,MOUNDVILLE COMMUITY BUILDING,108,124
Vernon,METZ METHODIST CHURCH,110,123
Vernon,WALKER COMMUNITY BUILDING,78,117
Vernon,ABSENTEE,355,277
Vernon,FEDERAL,0,0
Vernon,INTRASTATE,0,0
Vernon,PROVISIONAL,4,2
Warren,CONCORD HILL,100,122
Warren,DUTZOW,377,361
Warren,NORTH ELKHORN,250,224
Warren,GORE CASE,26,63
Warren,HICKORY GROVE NORTH,909,645
Warren,HOPEWELL,254,282
Warren,MARTHASVILLE SOUTHWEST,224,212
Warren,PENDLETON,461,419
Warren,TRUESDALE,104,68
Warren,WALNUT GROVE,118,116
Warren,WARRENTON WARD 1,434,369
Warren,WARRENTON WARD 2,517,356
Warren,WARRENTON WARD 3,392,322
Warren,WEEKS,245,211
Warren,WRIGHT CITY WARD 1,438,231
Warren,WRIGHT CITY WARD 2,355,279
Warren,LAKE SHERWOOD,282,176
Warren,INNSBROOK,199,127
Warren,HICKORY GROVE SOUTH,430,354
Warren,SOUTH ELKHORN/MACEDONIA,689,602
Warren,HOLSTEIN/SMITH CREEK,139,137
Warren,LAKEVIEW ESTATES,123,84
Warren,FEDERAL,0,0
Warren,ABSENTEE,485,345
Washington,ALGIRE,226,161
Washington,BELGRADE,173,207
Washington,CALEDONIA,168,143
Washington,CRUISE,299,198
Washington,EBO,196,147
Washington,IRONDALE,267,237
Washington,OLD MINES,513,362
Washington,PLEASANT POINT,39,36
Washington,RICHWOODS,274,161
Washington,SHIRLEY,148,126
Washington,STONY POINT,358,400
Washington,CITY HALL - A/WARD II,470,415
Washington,COURTHOUSE - A/WARD I,377,314
Washington,ABSENTEE,393,310
Wayne,CYC P-W1/P-W1/PCHTREE,632,678
Wayne,GRNVILLE CTY HALL/LODI/SILVA,253,375
Wayne,WILLIAMSVILLE CITY HALL,129,149
Wayne,MILL SPRING VILLAGE HALL,134,137
Wayne,FAITH BAPTIST CHURCH,412,321
Wayne,TURKEY CREEK BAPT CRH/CASCADE/CLUBB,45,52
Wayne,PCC-PATT/BRUNOT/SMITH MILL,253,239
Wayne,LOWNDES FIREHOUSE,67,77
Wayne,HWY MISSIONARY CHURCH,114,94
Wayne,ABSENTEE,196,169
Webster,BENTON,1103,785
Webster,FORDLAND,724,515
Webster,DIGGINS,258,233
Webster,HIGH PRAIRIE,237,193
Webster,JACKSON,348,285
Webster,MARSHFIELD EAST,835,602
Webster,NORTHVIEW - B,269,201
Webster,MARSHFIELD WEST,693,419
Webster,EAST OZARK & NORTHVIEW A,803,709
Webster,FINLEY-HAZELWOOD,740,688
Webster,NIANGUA-UNION,427,404
Webster,WASHINGTON-GRANT,972,798
Webster,"ABSENTEE, PROVISIONAL & CENTRAL",640,354
Worth,ALLEN,25,45
Worth,EAST FLETCHALL,77,78
Worth,GREENE,23,53
Worth,MIDDLE FORK,28,50
Worth,SMITH,37,44
Worth,WEST FLETCHALL,86,116
Worth,WEST UNION,53,76
Worth,ABSENTEE,58,47
Wright,MOUNTAIN GROVE NORTH,389,386
Wright,MOUNTAIN GROVE SOUTH,414,457
Wright,CLARK NORWOOD,233,343
Wright,MANSFIELD,685,671
Wright,FAIRVIEW,314,472
Wright,HARTVILLE,300,399
Wright,LITTLE CREEK,164,193
Wright,MANES,115,208
Wright,GROVESPRING,230,358
Wright,ABSENTEE,170,182
